Manufacturer,class_duty,id_unit,lastOverhaul,lineCode,id_depot,hoursService
Jäkel,L,1,05 Dec 2019,L6,12,13856.60000
"Clark, Jackson and Anderson",H,2,"03/19/2023, 00:00:00",L4,109,14557.40000
Pinto,1,3,2020-09-28,L6,26,15652.80000
Fleming Group,N,4,2023/11/30,L6,68,
Pinto,heavy,5,26 Feb 2018,L3,102,6141.30000
Wiek Dörr GbR,3,6,"11/27/2022, 00:00:00",L6,73,12460.60000
Moreira Henriques S.A.,1,7,"07/01/2022, 00:00:00",L5,3,11320.00000
Powell Inc,normal,8,"12/18/2017, 00:00:00",L1,85,5633.30000
Green-Mitchell, light ,9,"02/26/2017, 00:00:00",L6,12,10824.80000
Salazar-Harris,L,10,09 Jan 2024,L1,30,3567.20000
Tran-Lewis,L,11,15 Jun 2018,L1,25,6364.20000
Börner Klemt KG,1,12,21 Feb 2023,L6,38,5454.30000
"Smith, Richardson and Johnson",H,13,2023/05/27,L4,102,45000.00000
Morales Ltd,2,14,2017-02-25,L1,75,3573.90000
"Holland, Moore and Foster",heavy,15,22 Nov 2021,L1,86,17400.70000
Nette Weller Stiftung & Co. KGaA,L,16,02 Sep 2015,L5,59,7591.30000
Barth Gute OHG mbH,2,17,08 Aug 2016,L3,87,11972.70000
Rocha,N,18,"11/08/2024, 00:00:00",L1,72,
Hein Dörr GmbH,light,19,"07/24/2023, 00:00:00",L3,2,16429.10000
Salazar-Harris, 2 ,20,2024-02-23,L1,41,25136.90000
Marquez Group,3,21,2021-05-21,L5,105,5298.40000
Striebitz AG,heavy,22,28 Jun 2017,L4,103,15228.30000
Gierschner GmbH & Co. OHG,heavy,23,17 Jan 2021,L2,102,26949.50000
Rocha,N,24,2017-11-30,L2,82,9778.90000
Hein Dörr GmbH,3,25,2016-09-26,L4,109,45000.00000
Marquez Group,3,26,"04/23/2021, 00:00:00",L4,117,20847.00000
Hunt LLC,light,27,"02/06/2024, 00:00:00",L1,23,18992.40000
Pinto,1,28,"10/27/2017, 00:00:00",L2,47,9157.20000
Fleming Group,H,29,"08/29/2021, 00:00:00",L6,66,
Green-Mitchell,L,30,2021-07-10,L5,32,15351.10000
Pinto,2,31,"04/15/2018, 00:00:00",L2,88,17665.40000
Morales Ltd, N ,32,09 May 2017,L5,53,10100.00000
Rocha,1,33,"07/13/2020, 00:00:00",L5,27,9189.30000
"Holland, Moore and Foster",heavy,34,"04/21/2021, 00:00:00",L2,107,4342.80000
Morales Ltd,N,35,"02/14/2017, 00:00:00",L6,79,7939.70000
"Clark, Jackson and Anderson",heavy,36,18 Jan 2024,L5,80,11849.80000
Striebitz AG,light,37,2024-01-08,L1,38,14218.70000
Hein Dörr GmbH,normal,38,2016-07-23,L1,53,25467.20000
Barth Gute OHG mbH,L,39,2018-04-01,L2,56,6213.00000
Fleming Group,2,40,2023-03-31,L2,77,11053.80000
Börner Klemt KG,L,41,2020/02/14,L3,39,4786.90000
Powell Inc,L,42,2015/11/22,L6,17,14519.40000
Moreira Henriques S.A.,1,43,2021-01-09,L5,10,22107.20000
"Holland, Moore and Foster",N,44,27 Apr 2023,L1,106,22311.00000
Higgins Inc, 3 ,45,07 Feb 2019,L2,44,8982.10000
Salazar-Harris,1,46,2022/10/08,L3,31,13928.10000
Morales Ltd,1,47,2020/02/11,L6,7,11756.10000
"Jones, Russell and Guzman",light,48,2015-01-05,L5,30,18710.80000
Moreira Henriques S.A.,3,49,03 Jan 2019,L5,91,3523.00000
Rocha,L,50,2024-09-10,L5,22,10472.90000
Martinez-Smith,H,51,2017/12/21,L2,94,13200.70000
Striebitz AG, N ,52,2021/08/26,L1,91,26903.80000
Higgins Inc,L,53,"01/29/2015, 00:00:00",L5,29,41097.80000
"Holland, Moore and Foster",heavy,54,"09/19/2023, 00:00:00",L3,108,
Misicher Nette GmbH & Co. KGaA,N,55,"12/13/2019, 00:00:00",L5,68,7875.60000
Barth Gute OHG mbH,3,56,2019/09/03,L2,87,7769.40000
Esteves S/A,3,57,2019/03/22,L1,116,24394.50000
Powell Inc,light,58,2019-02-03,L5,4,14458.40000
Meister,1,59,2021-05-30,L1,6,26186.30000
Schulz Weiß GmbH, 1 ,60,"03/04/2023, 00:00:00",L1,3,11708.80000
Börner Klemt KG,normal,61,2021-08-09,L4,59,7176.00000
Barth Gute OHG mbH,med,62,"04/12/2024, 00:00:00",L2,40,14925.60000
Salazar-Harris,H,63,2019/01/12,L3,114,9300.50000
Pinto, 1 ,64,"11/12/2017, 00:00:00",L3,30,3737.10000
Salazar-Harris,normal,65,2017-04-06,L5,46,12825.00000
Meister,2,66,23 Jan 2023,L5,26,
Hein Dörr GmbH, light ,67,2024/06/27,L6,55,5626.00000
Wiek Dörr GbR,L,68,2020-10-29,L6,15,
Hunt LLC,heavy,69,03 May 2021,L3,109,6161.90000
Marquez Group,L,70,2016-09-04,L2,5,7672.80000
Morales Ltd, 3 ,71,19 Jun 2015,L6,98,10555.70000
Castro Nascimento Lda.,H,72,06 May 2015,L2,14,5810.50000
Martinez-Smith,normal,73,29 Oct 2021,L4,23,6061.00000
Schulz Weiß GmbH, heavy ,74,2023-01-10,L2,102,16606.30000
Morales Ltd,1,75,"02/01/2018, 00:00:00",L3,28,
Horton-Huffman,L,76,2024/09/13,L1,4,8005.20000
Martinez-Smith, med ,77,2016/05/11,L5,54,
Nette Weller Stiftung & Co. KGaA,3,78,2016-10-14,L6,87,12721.10000
Horton-Huffman,2,79,2016/03/12,L1,45,23473.80000
Hande,heavy,80,27 Oct 2024,L1,115,11531.50000
Schulz Weiß GmbH, L ,81,07 Feb 2024,L2,34,18211.60000
Jäkel,H,82,"07/09/2016, 00:00:00",L3,80,9673.40000
Hunt LLC,N,83,2017-10-09,L3,48,9389.60000
Jäkel,N,84,2016/08/19,L1,45,8141.20000
Martinez-Smith,N,85,2017/02/26,L3,72,17730.20000
Marquez Group,heavy,86,25 Nov 2015,L2,87,13690.20000
Meister,N,87,2024-10-17,L3,5,5281.70000
Horton-Huffman,L,88,2016/11/11,L3,39,
Marquez Group,light,89,"01/25/2019, 00:00:00",L4,34,6693.10000
Schulz Weiß GmbH,1,90,16 Mar 2022,L4,60,8508.60000
Sousa S/A,1,91,"07/05/2016, 00:00:00",L6,29,2827.70000
Hein Dörr GmbH,med,92,2015-10-13,L1,49,11442.00000
Moreira Henriques S.A.,L,93,"05/08/2019, 00:00:00",L4,28,16410.70000
Jones Group,H,94,25 Jan 2015,L2,51,4386.10000
Pinto,H,95,2022-11-12,L2,91,5206.20000
"Holland, Moore and Foster",light,96,2023/12/21,L1,26,17605.50000
"Holland, Moore and Foster",1,97,2018-10-13,L3,13,12901.50000
Nette Weller Stiftung & Co. KGaA,light,98,2015/11/22,L1,43,6777.00000
Fleming Group,heavy,99,2021/02/20,L2,84,7732.50000
Marquez Group,normal,100,11 Dec 2024,L2,69,
Stey Fechner GbR,heavy,101,"07/03/2024, 00:00:00",L4,97,5845.60000
Sousa S/A, med ,102,"08/07/2019, 00:00:00",L5,62,20912.60000
Torres Melo Lda.,light,103,2024/05/01,L2,25,27093.30000
Powell Inc,normal,104,"09/01/2017, 00:00:00",L2,58,12346.30000
Misicher Nette GmbH & Co. KGaA,H,105,06 Jan 2020,L4,118,9036.50000
Sousa S/A,normal,106,"10/18/2018, 00:00:00",L1,41,7260.70000
Börner Klemt KG,H,107,2015-10-13,L4,102,7693.70000
Hande,H,108,2018/08/23,L3,104,12562.60000
Salazar-Harris,light,109,"10/04/2018, 00:00:00",L2,10,4840.00000
Moreira Henriques S.A.,L,110,2024/11/05,L1,9,12261.40000
Pinto,2,111,2024-11-24,L5,71,10587.30000
Börner Klemt KG,light,112,"05/23/2022, 00:00:00",L3,24,10130.50000
Marquez Group,light,113,20 Oct 2024,L5,62,11651.40000
Green-Mitchell,N,114,2023-12-09,L1,44,10412.50000
Horton-Huffman,3,115,25 Feb 2017,L3,117,4331.50000
Misicher Nette GmbH & Co. KGaA,1,116,"10/10/2017, 00:00:00",L6,15,28184.10000
Castro Nascimento Lda.,L,117,2021-09-18,L5,11,40814.90000
Powell Inc,L,118,20 Oct 2015,L1,38,13330.30000
Salazar-Harris,heavy,119,2015-01-05,L3,112,17262.80000
Ladeck,H,120,09 Apr 2021,L5,84,5996.20000
Marquez Group,1,121,2019-01-31,L5,62,3549.20000
Meister,light,122,13 Jul 2021,L3,4,4872.50000
Jones Group,light,123,"04/30/2021, 00:00:00",L1,23,7311.50000
Morales Ltd,med,124,2017-10-12,L1,48,17530.20000
Wiek Dörr GbR,N,125,2017-02-26,L4,48,9106.40000
Wiek Dörr GbR,1,126,"10/21/2020, 00:00:00",L4,5,24265.90000
Horton-Huffman, light ,127,2024/04/23,L5,3,2739.50000
Fleming Group,3,128,27 Dec 2018,L6,112,12744.10000
Esteves S/A,N,129,"03/30/2024, 00:00:00",L2,41,11420.80000
Jones Group,med,130,11 Oct 2018,L3,56,29019.90000
Meister,2,131,2017-11-16,L6,106,5914.00000
Salazar-Harris,normal,132,2023/03/01,L2,16,22668.30000
Jäkel,3,133,31 Oct 2015,L3,83,8616.30000
Wiek Dörr GbR,2,134,"11/15/2023, 00:00:00",L2,48,11663.40000
Wiek Dörr GbR,3,135,2024-09-28,L3,109,6407.10000
Moreira Henriques S.A.,L,136,02 Jun 2016,L5,19,10249.20000
Salazar-Harris,normal,137,"12/25/2024, 00:00:00",L2,51,20798.90000
"Jones, Russell and Guzman",normal,138,02 Sep 2022,L3,18,16949.10000
Hande, heavy ,139,2020/01/24,L4,94,15999.20000
Börner Klemt KG, 1 ,140,2018/10/22,L3,25,11635.00000
Meister,2,141,2019/09/16,L4,65,27118.80000
Esteves S/A,2,142,25 Jun 2015,L5,75,18967.50000
Maia,normal,143,05 Jun 2020,L3,75,16212.20000
Esteves S/A,H,144,"11/18/2022, 00:00:00",L1,92,28010.60000
"Holland, Moore and Foster",L,145,2015-12-25,L5,36,7811.40000
"Smith, Richardson and Johnson",N,146,2015/01/07,L1,59,6656.10000
Martinez-Smith,heavy,147,"01/10/2024, 00:00:00",L6,106,6731.70000
Moreira Henriques S.A.,light,148,"06/30/2017, 00:00:00",L5,84,15973.60000
Misicher Nette GmbH & Co. KGaA,H,149,2018/01/05,L3,106,6704.50000
Tran-Lewis,L,150,2016/03/05,L6,75,5964.60000
Misicher Nette GmbH & Co. KGaA,normal,151,22 Sep 2022,L3,104,11330.80000
Castro Nascimento Lda.,H,152,01 Dec 2022,L6,81,3623.90000
Maia,2,153,14 Jan 2019,L3,49,12795.00000
Maia,heavy,154,2024-10-26,L1,105,20387.20000
Meister,3,155,2023/06/13,L5,90,22056.00000
Maia,med,156,05 Aug 2017,L1,54,14491.00000
Schulz Weiß GmbH,H,157,"11/07/2024, 00:00:00",L6,100,32717.00000
Horton-Huffman,L,158,2024/04/24,L6,7,3719.00000
"Jones, Russell and Guzman",med,159,17 Feb 2018,L6,45,16120.10000
Esteves S/A,normal,160,10 Apr 2015,L6,113,25124.10000
"Clark, Jackson and Anderson",normal,161,2020/08/22,L6,35,11372.20000
Moreira Henriques S.A.,N,162,2019-04-10,L6,55,11188.90000
Tran-Lewis,light,163,08 Aug 2021,L1,28,7668.00000
Maia,L,164,01 Jul 2022,L2,31,13206.50000
Wiek Dörr GbR,heavy,165,07 Jun 2020,L3,111,3156.00000
Sousa S/A,L,166,"05/06/2022, 00:00:00",L5,21,22741.60000
Powell Inc,2,167,"10/22/2016, 00:00:00",L2,75,13908.10000
Ladeck Junk KG,light,168,17 Jun 2015,L3,0,10894.60000
Horton-Huffman,L,169,"10/08/2021, 00:00:00",L2,2,12753.80000
Sousa S/A,light,170,"12/15/2019, 00:00:00",L5,90,8805.00000
"Holland, Moore and Foster", L ,171,14 Jun 2018,L4,101,6679.10000
"Holland, Moore and Foster", heavy ,172,"05/26/2015, 00:00:00",L1,23,10370.40000
Tran-Lewis,med,173,2019-11-03,L4,73,17212.40000
Green-Mitchell,N,174,15 Oct 2021,L6,68,10230.70000
Rocha,L,175,"05/01/2020, 00:00:00",L4,30,14686.30000
Horton-Huffman,heavy,176,2017-06-04,L5,56,13140.40000
Salazar-Harris,3,177,2016-12-12,L6,80,7128.80000
Nette Weller Stiftung & Co. KGaA, L ,178,2017-05-08,L4,37,20965.80000
Meister,N,179,2018/11/24,L2,76,12360.70000
Hamann GmbH & Co. KGaA,heavy,180,"07/11/2021, 00:00:00",L2,42,6597.90000
Powell Inc, med ,181,02 Feb 2018,L1,6,18105.50000
Martinez-Smith,3,182,2022-11-24,L2,95,29982.50000
Misicher Nette GmbH & Co. KGaA, med ,183,09 Jun 2016,L2,69,13908.40000
Striebitz AG, L ,184,"08/23/2020, 00:00:00",L5,58,3314.10000
Ladeck Junk KG,L,185,2018-01-28,L1,36,28335.70000
Misicher Nette GmbH & Co. KGaA,L,186,"10/28/2019, 00:00:00",L3,22,9104.00000
Rocha,light,187,2023/12/04,L2,7,5600.00000
Barth Gute OHG mbH,heavy,188,2022-01-24,L3,105,19874.90000
Nette Weller Stiftung & Co. KGaA,normal,189,2017/11/20,L2,28,12343.00000
Meister,1,190,30 Oct 2020,L6,37,22034.30000
Nette Weller Stiftung & Co. KGaA,L,191,2015/04/16,L4,26,8705.30000
Powell Inc,normal,192,2020/01/21,L6,66,7224.20000
Misicher Nette GmbH & Co. KGaA,normal,193,02 Jan 2017,L1,68,16703.00000
Börner Klemt KG,1,194,2020/07/15,L3,5,10635.90000
Torres Melo Lda.,light,195,2022/11/15,L3,18,28809.10000
Meister,heavy,196,2020/03/08,L3,99,8582.80000
Pinto,2,197,01 Apr 2021,L1,66,45000.00000
Marquez Group,light,198,05 May 2023,L6,18,3493.60000
Schulz Weiß GmbH,L,199,2023-02-11,L4,19,11958.60000
Schulz Weiß GmbH,N,200,2015/02/08,L5,66,5567.00000
Castro Nascimento Lda.,H,201,2019-12-16,L4,91,12204.90000
Misicher Nette GmbH & Co. KGaA,light,202,07 Aug 2020,L5,18,3496.80000
Gierschner GmbH & Co. OHG,2,203,"07/02/2017, 00:00:00",L6,57,21830.20000
Maia,3,204,2021-10-26,L3,105,16850.60000
Schulz Weiß GmbH,1,205,08 Jun 2018,L1,17,11231.30000
Hunt LLC,2,206,2021/10/09,L4,104,18661.20000
Maia,1,207,"03/10/2018, 00:00:00",L5,18,44024.50000
Torres Melo Lda.,2,208,14 Aug 2021,L5,76,5974.00000
Tran-Lewis,normal,209,"02/23/2024, 00:00:00",L6,72,9733.50000
Ladeck, 1 ,210,22 Oct 2017,L6,0,17478.70000
Morales Ltd,light,211,2020/01/20,L3,54,13973.00000
Nette Weller Stiftung & Co. KGaA, H ,212,2021/01/30,L6,89,23815.00000
Ladeck,heavy,213,"09/28/2019, 00:00:00",L6,50,11746.00000
Hamann GmbH & Co. KGaA,normal,214,2023/05/10,L4,66,22500.20000
"Clark, Jackson and Anderson",med,215,18 Oct 2017,L3,106,14446.40000
Rocha,H,216,"05/31/2021, 00:00:00",L5,80,11573.00000
Salazar-Harris,1,217,2015/03/25,L1,73,15189.70000
Börner Klemt KG,normal,218,19 Feb 2020,L4,71,21487.60000
Ladeck,N,219,2024-12-17,L6,50,28669.80000
Jones Group,N,220,2018-08-13,L4,73,9438.10000
Jäkel,med,221,"01/20/2023, 00:00:00",L2,57,23387.60000
Meister,light,222,02 Dec 2020,L2,1,9620.30000
Ladeck Junk KG,H,223,2021/05/04,L1,84,29346.50000
Marquez Group,H,224,"04/12/2020, 00:00:00",L4,75,11774.10000
Hamann GmbH & Co. KGaA,L,225,29 Jan 2015,L4,53,9889.60000
"Jones, Russell and Guzman",H,226,08 Sep 2018,L3,113,11435.10000
Green-Mitchell,med,227,"09/25/2015, 00:00:00",L4,78,14292.60000
Striebitz AG,1,228,"01/13/2020, 00:00:00",L5,24,14487.20000
Powell Inc,2,229,2022-08-14,L3,72,10466.80000
"Holland, Moore and Foster", 3 ,230,"08/26/2022, 00:00:00",L6,85,14762.10000
Maia,2,231,22 Aug 2015,L4,33,25127.50000
Börner Klemt KG,N,232,"10/19/2023, 00:00:00",L5,25,18443.90000
"Jones, Russell and Guzman",2,233,14 Apr 2019,L2,64,
Schulz Weiß GmbH,N,234,"04/07/2024, 00:00:00",L3,42,26799.70000
Misicher Nette GmbH & Co. KGaA,light,235,26 Feb 2018,L3,23,2721.50000
Esteves S/A,normal,236,2021/05/26,L3,77,3682.10000
Hande,1,237,2023-10-04,L3,39,4703.20000
Meister,light,238,16 Jul 2015,L5,38,19012.30000
Striebitz AG,H,239,2020/07/07,L1,115,7812.90000
Pinto,heavy,240,2017-08-25,L4,90,12074.70000
Martinez-Smith,H,241,2022/10/24,L2,91,25689.30000
Wiek Dörr GbR,L,242,2018/04/03,L3,60,10320.10000
Wiek Dörr GbR,L,243,18 Jan 2022,L4,23,11739.90000
"Holland, Moore and Foster",H,244,30 Oct 2023,L2,51,13560.20000
"Holland, Moore and Foster",med,245,2024-07-04,L4,33,19830.80000
Green-Mitchell,3,246,25 Aug 2019,L1,93,27250.20000
Börner Klemt KG,normal,247,2016/12/21,L5,18,12930.70000
Fleming Group,med,248,2016/05/13,L5,30,24280.70000
Higgins Inc,heavy,249,14 Apr 2017,L1,100,45000.00000
Martinez-Smith,3,250,18 Nov 2023,L3,4,11339.10000
"Holland, Moore and Foster",N,251,2019/12/23,L1,46,9141.80000
Meister,L,252,2022-07-13,L1,8,11956.40000
"Clark, Jackson and Anderson",heavy,253,"01/03/2017, 00:00:00",L6,100,8155.80000
Schulz Weiß GmbH,3,254,2023/09/11,L2,81,8987.50000
Higgins Inc, H ,255,20 Oct 2023,L5,83,14073.90000
Hein Dörr GmbH,H,256,2023-09-04,L4,90,6626.00000
Ladeck,L,257,12 Mar 2023,L2,4,20187.20000
Meister,normal,258,27 Jan 2017,L4,57,15387.20000
Jones Group,1,259,31 Aug 2022,L3,1,7426.00000
Torres Melo Lda.,1,260,2024-01-14,L5,48,10786.60000
Meister,light,261,2022-08-23,L4,29,6196.40000
Wiek Dörr GbR,L,262,"09/21/2023, 00:00:00",L2,74,22300.00000
Meister,1,263,2017/04/30,L2,111,29810.00000
Fleming Group, heavy ,264,"03/28/2020, 00:00:00",L4,76,13006.90000
Schulz Weiß GmbH, med ,265,2016/09/12,L5,30,11371.80000
Morales Ltd,med,266,2021-01-31,L3,42,7001.90000
Martinez-Smith, normal ,267,"03/02/2023, 00:00:00",L6,29,17375.60000
Salazar-Harris,med,268,2015/02/03,L3,55,5591.70000
Marquez Group,light,269,2017/05/26,L2,23,22653.20000
Powell Inc,N,270,2017-06-08,L5,18,15838.00000
Fleming Group, 1 ,271,2017-12-21,L5,9,9399.30000
Rocha,L,272,2021/05/30,L1,116,45000.00000
Pinto,1,273,2017/03/01,L1,86,10179.80000
Jäkel,normal,274,2023/12/08,L3,74,9870.70000
Barth Gute OHG mbH,H,275,2024/09/05,L1,110,9052.60000
Hamann GmbH & Co. KGaA,normal,276,"04/16/2024, 00:00:00",L5,99,10213.20000
Fleming Group,L,277,"05/20/2018, 00:00:00",L1,16,12663.50000
Gierschner GmbH & Co. OHG,L,278,2022/10/27,L2,42,31014.50000
Hamann GmbH & Co. KGaA,L,279,2023/07/01,L3,0,6090.80000
Esteves S/A,L,280,01 Nov 2024,L2,30,7368.80000
Barth Gute OHG mbH,light,281,2022/05/23,L6,82,26618.20000
Castro Nascimento Lda.,med,282,04 Jun 2024,L1,56,16570.20000
Hunt LLC, light ,283,"02/09/2023, 00:00:00",L5,4,3615.80000
Striebitz AG,2,284,2022/12/07,L3,78,4230.90000
Fleming Group,heavy,285,2021/06/01,L2,118,10549.80000
Hunt LLC,L,286,2019-07-18,L2,17,45000.00000
Powell Inc,med,287,2024-09-12,L3,74,12949.80000
Barth Gute OHG mbH,3,288,2023-02-18,L2,80,7280.80000
Rocha,L,289,"02/11/2024, 00:00:00",L5,75,15072.70000
Barth Gute OHG mbH,L,290,02 Mar 2018,L4,3,
Jones Group,light,291,2019-12-07,L3,91,11089.90000
Green-Mitchell,L,292,2015-08-28,L3,31,16554.70000
Ladeck,light,293,"05/26/2021, 00:00:00",L2,109,43951.90000
Higgins Inc, med ,294,10 Mar 2022,L2,73,
Martinez-Smith,heavy,295,"01/28/2015, 00:00:00",L3,110,18795.80000
Fleming Group,light,296,"06/19/2015, 00:00:00",L3,4,26723.90000
Esteves S/A,2,297,"05/02/2018, 00:00:00",L4,38,9612.90000
Meister,1,298,"12/02/2020, 00:00:00",L5,16,17648.00000
"Clark, Jackson and Anderson",3,299,11 Sep 2023,L1,115,25232.80000
Hamann GmbH & Co. KGaA,heavy,300,01 Mar 2023,L1,12,9530.70000
Ladeck Junk KG,med,301,2022-10-02,L2,43,12346.30000
Green-Mitchell,L,302,2019-03-17,L3,33,22089.00000
Stey Fechner GbR,heavy,303,"08/14/2019, 00:00:00",L2,103,
Misicher Nette GmbH & Co. KGaA,L,304,2015-03-07,L3,15,22988.70000
Jones Group,med,305,2022/06/06,L4,57,
Ladeck Junk KG,med,306,"07/28/2019, 00:00:00",L5,44,13003.40000
Green-Mitchell,1,307,"03/10/2016, 00:00:00",L3,35,15351.00000
Torres Melo Lda.,normal,308,2016/02/02,L4,71,
Pinto, L ,309,2021/11/24,L2,13,21750.80000
Ladeck Junk KG,N,310,2022/02/06,L4,95,6879.20000
Börner Klemt KG,N,311,"10/08/2019, 00:00:00",L2,67,5686.20000
"Smith, Richardson and Johnson",L,312,"09/04/2015, 00:00:00",L2,26,4319.10000
Powell Inc,normal,313,01 Mar 2021,L4,69,19122.80000
Nette Weller Stiftung & Co. KGaA,med,314,2023/09/13,L6,45,11294.70000
Torres Melo Lda.,heavy,315,19 Apr 2017,L5,35,22389.10000
Striebitz AG,light,316,09 Jul 2023,L5,2,3315.40000
Martinez-Smith,2,317,20 Mar 2018,L6,53,11932.30000
Salazar-Harris,3,318,26 Feb 2016,L1,90,13701.00000
Hein Dörr GmbH,heavy,319,14 May 2020,L3,110,24186.90000
"Smith, Richardson and Johnson",light,320,2019-05-29,L3,73,9363.50000
"Clark, Jackson and Anderson",N,321,"06/11/2023, 00:00:00",L6,44,9322.80000
Powell Inc,N,322,2018/11/05,L4,70,8873.40000
Wiek Dörr GbR,normal,323,2017-06-10,L3,62,15955.20000
Green-Mitchell,light,324,2017/04/23,L2,79,7690.80000
Salazar-Harris,light,325,"12/05/2015, 00:00:00",L2,102,11035.40000
"Jones, Russell and Guzman",1,326,"01/24/2018, 00:00:00",L6,34,9991.20000
Hande, N ,327,"07/31/2016, 00:00:00",L5,59,36673.80000
Hande,light,328,16 May 2022,L2,27,10818.70000
Jäkel,1,329,15 Sep 2023,L3,11,6649.40000
Sousa S/A, med ,330,2015/01/28,L3,87,20574.10000
Salazar-Harris,normal,331,2020-03-24,L1,48,12729.00000
Higgins Inc,3,332,2016/02/06,L1,78,7843.80000
Hein Dörr GmbH,light,333,2021-02-02,L2,9,13758.40000
Rocha,3,334,2021/03/20,L5,115,6590.10000
Barth Gute OHG mbH,med,335,"02/22/2018, 00:00:00",L6,42,19893.70000
Salazar-Harris,1,336,2021-07-27,L2,8,6856.90000
Morales Ltd,3,337,"06/21/2023, 00:00:00",L3,74,
Nette Weller Stiftung & Co. KGaA,heavy,338,2021/02/26,L5,117,21807.80000
Salazar-Harris,2,339,"07/04/2017, 00:00:00",L2,106,45000.00000
Marquez Group,1,340,"03/17/2023, 00:00:00",L2,9,11095.60000
Moreira Henriques S.A.,light,341,2016/12/20,L2,5,6413.20000
Torres Melo Lda.,1,342,"07/18/2015, 00:00:00",L6,5,8154.40000
Morales Ltd, N ,343,2015-02-20,L1,84,4727.90000
Castro Nascimento Lda.,1,344,2024/11/27,L6,27,13501.60000
Barth Gute OHG mbH,normal,345,2024-09-23,L4,59,8706.50000
Pinto,heavy,346,"03/25/2015, 00:00:00",L4,92,5243.30000
Nette Weller Stiftung & Co. KGaA,H,347,2020-01-23,L3,84,29276.30000
"Holland, Moore and Foster",3,348,2015/09/26,L6,94,9005.10000
Marquez Group,L,349,2023-07-23,L1,92,11635.90000
"Clark, Jackson and Anderson",2,350,2019-11-25,L4,1,3004.90000
Jäkel,3,351,18 Jun 2020,L5,84,11559.70000
Tran-Lewis,L,352,"04/25/2015, 00:00:00",L1,95,5429.00000
Hande,heavy,353,2015/05/27,L6,113,9688.30000
Börner Klemt KG,normal,354,"04/02/2017, 00:00:00",L3,61,
Hande,N,355,2024-09-25,L2,76,12680.90000
Fleming Group,2,356,16 Jan 2020,L1,52,12773.10000
Morales Ltd,3,357,"07/04/2021, 00:00:00",L6,81,12003.20000
Barth Gute OHG mbH,L,358,2022/06/15,L3,103,18719.00000
Marquez Group,3,359,"06/14/2017, 00:00:00",L2,95,2105.50000
Morales Ltd, 3 ,360,2021/01/26,L1,104,15189.50000
Salazar-Harris,heavy,361,2023-10-30,L4,94,6500.20000
Tran-Lewis,med,362,"11/20/2019, 00:00:00",L5,69,4505.80000
Higgins Inc,heavy,363,17 Jun 2019,L5,89,18336.70000
Hunt LLC,3,364,2023-10-07,L5,108,6678.40000
Higgins Inc,L,365,2021-11-16,L2,113,13201.20000
Börner Klemt KG, heavy ,366,2022/08/24,L1,111,7893.80000
Hamann GmbH & Co. KGaA,2,367,2024/11/10,L1,59,7651.10000
"Smith, Richardson and Johnson",1,368,"01/11/2015, 00:00:00",L6,4,33994.40000
Fleming Group,1,369,"11/28/2019, 00:00:00",L5,21,12373.20000
Higgins Inc,L,370,2019/12/31,L6,10,3646.20000
Moreira Henriques S.A.,L,371,2022/08/20,L1,33,33109.20000
Tran-Lewis,L,372,2023-12-21,L1,68,3651.20000
Torres Melo Lda.,2,373,"08/17/2023, 00:00:00",L1,52,16196.60000
Salazar-Harris,L,374,2022-12-26,L5,37,15637.50000
Misicher Nette GmbH & Co. KGaA,1,375,31 Oct 2016,L5,65,20182.70000
Powell Inc,1,376,2021-01-26,L5,21,8050.00000
Higgins Inc,L,377,2019-05-15,L1,24,42853.10000
Maia,normal,378,"05/29/2016, 00:00:00",L5,42,3234.60000
Fleming Group,1,379,2016-02-21,L6,29,5458.20000
Esteves S/A,2,380,2015-11-08,L4,59,8215.00000
Torres Melo Lda.,2,381,2018/10/25,L1,86,12118.40000
Moreira Henriques S.A.,L,382,2023/12/12,L6,4,12895.70000
"Smith, Richardson and Johnson",med,383,"07/19/2016, 00:00:00",L2,43,14573.80000
Gierschner GmbH & Co. OHG,normal,384,27 May 2018,L5,63,
Marquez Group,H,385,2021-03-03,L1,118,14568.30000
"Clark, Jackson and Anderson",L,386,2023/03/13,L5,20,11607.10000
Green-Mitchell,light,387,2016-06-20,L1,14,12443.20000
Barth Gute OHG mbH,L,388,"05/15/2015, 00:00:00",L5,55,45000.00000
Rocha,L,389,"08/21/2023, 00:00:00",L2,21,13519.60000
Maia,N,390,"11/11/2019, 00:00:00",L4,12,12691.80000
Esteves S/A,3,391,2020-07-01,L3,89,6981.50000
Green-Mitchell,L,392,30 Mar 2016,L6,34,24983.20000
Green-Mitchell,N,393,"05/13/2021, 00:00:00",L5,75,
Castro Nascimento Lda.,light,394,2016/02/26,L1,22,14012.50000
Barth Gute OHG mbH,L,395,2015/11/02,L2,66,42252.50000
Torres Melo Lda.,L,396,11 Sep 2022,L5,3,8028.30000
Meister,light,397,2015-04-01,L6,18,23225.60000
Misicher Nette GmbH & Co. KGaA,1,398,"10/21/2018, 00:00:00",L3,87,
Hein Dörr GmbH, 2 ,399,2024-05-09,L5,64,14842.40000
Barth Gute OHG mbH,light,400,13 May 2020,L2,20,7502.00000
Striebitz AG,1,401,2019/11/14,L2,90,
Börner Klemt KG,1,402,2022/06/01,L6,3,13592.60000
Stey Fechner GbR, heavy ,403,2016/09/29,L2,106,40001.70000
"Jones, Russell and Guzman",normal,404,"09/30/2023, 00:00:00",L4,40,14286.10000
Hein Dörr GmbH,heavy,405,05 Apr 2015,L3,82,13029.60000
Misicher Nette GmbH & Co. KGaA, heavy ,406,2021-10-13,L4,81,5784.40000
Powell Inc,1,407,2021/04/03,L3,9,10654.00000
Gierschner GmbH & Co. OHG,1,408,06 Oct 2017,L1,17,7828.70000
Marquez Group,1,409,2016/03/10,L5,8,10068.70000
Salazar-Harris,1,410,"04/27/2016, 00:00:00",L6,30,10822.80000
Misicher Nette GmbH & Co. KGaA,H,411,2015/05/11,L1,74,11548.10000
Morales Ltd,light,412,2023-04-24,L2,34,14401.60000
Fleming Group,L,413,2018-09-21,L2,65,9380.60000
Marquez Group,1,414,25 Dec 2021,L3,37,14415.10000
Meister,N,415,2017-08-06,L3,79,8365.50000
"Jones, Russell and Guzman",L,416,2015/03/29,L4,90,36237.00000
"Holland, Moore and Foster",3,417,"03/13/2016, 00:00:00",L1,113,6485.70000
Barth Gute OHG mbH,light,418,2019/08/29,L3,32,4822.90000
Castro Nascimento Lda.,2,419,2020/01/09,L4,64,10566.60000
Hande, L ,420,2023-05-07,L3,106,9733.00000
Hande,1,421,2022/03/10,L6,36,9741.10000
Misicher Nette GmbH & Co. KGaA,2,422,25 Aug 2024,L3,9,14168.50000
Morales Ltd,2,423,2015-05-18,L5,77,
Powell Inc,normal,424,"03/19/2015, 00:00:00",L2,57,21176.10000
Meister,N,425,"07/18/2016, 00:00:00",L2,75,13573.20000
Misicher Nette GmbH & Co. KGaA,heavy,426,2022-11-18,L1,82,4759.30000
Gierschner GmbH & Co. OHG,3,427,"01/06/2024, 00:00:00",L1,59,15844.40000
Esteves S/A,normal,428,2015-09-25,L3,79,16525.10000
Martinez-Smith, N ,429,09 Jan 2015,L6,55,30106.20000
Striebitz AG,2,430,2021/07/17,L5,51,23216.10000
Horton-Huffman,L,431,"08/01/2018, 00:00:00",L4,5,4000.10000
Higgins Inc,light,432,"09/04/2019, 00:00:00",L3,10,24556.60000
Jäkel, 2 ,433,2022/08/08,L4,70,10567.10000
Nette Weller Stiftung & Co. KGaA,N,434,"12/18/2018, 00:00:00",L2,65,5452.60000
Pinto,1,435,2015-10-16,L2,27,9573.50000
Börner Klemt KG,light,436,2018/11/06,L6,53,15826.20000
Morales Ltd,light,437,"05/10/2016, 00:00:00",L5,36,22111.30000
Schulz Weiß GmbH,normal,438,2021-07-14,L5,49,10162.90000
Morales Ltd,L,439,"08/10/2019, 00:00:00",L5,16,12282.30000
Esteves S/A,2,440,2019/12/26,L2,73,
Sousa S/A,3,441,"03/08/2017, 00:00:00",L4,92,23257.40000
Nette Weller Stiftung & Co. KGaA,L,442,"08/18/2021, 00:00:00",L3,18,6978.90000
Gierschner GmbH & Co. OHG,3,443,2017-02-15,L5,103,15689.20000
Moreira Henriques S.A.,1,444,2017-06-30,L5,32,13196.20000
Rocha,1,445,"08/09/2017, 00:00:00",L4,39,15329.10000
Moreira Henriques S.A.,normal,446,2020/02/22,L1,96,5121.20000
Stey Fechner GbR,1,447,"05/05/2023, 00:00:00",L4,5,11842.10000
Jäkel,normal,448,05 Sep 2021,L2,47,
Tran-Lewis,light,449,2022/01/10,L2,16,7339.90000
Torres Melo Lda.,light,450,19 Mar 2021,L3,6,14893.30000
Ladeck Junk KG,N,451,2022-10-16,L3,70,28058.60000
Esteves S/A,3,452,"09/22/2020, 00:00:00",L2,98,7526.10000
Powell Inc, 3 ,453,2016-07-06,L5,109,8620.40000
Ladeck,med,454,2022/11/14,L1,61,
Wiek Dörr GbR,heavy,455,13 Jun 2023,L1,93,8533.70000
Jäkel,heavy,456,2021/06/05,L4,78,16272.80000
"Jones, Russell and Guzman",L,457,"09/09/2018, 00:00:00",L6,34,5226.10000
Wiek Dörr GbR,heavy,458,27 Jun 2022,L4,117,5140.70000
Pinto,3,459,2024-04-21,L1,41,20635.10000
Tran-Lewis,normal,460,2020/08/27,L3,72,10647.90000
Higgins Inc,N,461,2019-11-26,L3,48,9421.80000
"Clark, Jackson and Anderson",L,462,"04/23/2018, 00:00:00",L3,11,8860.20000
Morales Ltd,2,463,2022/06/20,L4,67,7727.60000
Martinez-Smith,L,464,2020-02-15,L4,17,19844.20000
Powell Inc,heavy,465,2017/11/25,L5,2,14768.00000
Nette Weller Stiftung & Co. KGaA,L,466,31 Aug 2018,L4,27,
"Smith, Richardson and Johnson",med,467,"06/19/2018, 00:00:00",L5,47,16545.70000
"Holland, Moore and Foster",H,468,"06/28/2020, 00:00:00",L2,112,15901.50000
Morales Ltd,2,469,2018/05/07,L1,40,6469.60000
Green-Mitchell,1,470,15 Dec 2016,L4,7,21912.40000
Castro Nascimento Lda., 1 ,471,2016-05-06,L5,11,19105.20000
Marquez Group,L,472,08 Apr 2017,L3,112,7321.90000
Hunt LLC,N,473,27 Aug 2023,L3,55,7579.40000
Gierschner GmbH & Co. OHG,2,474,2016-11-28,L4,46,31662.90000
Wiek Dörr GbR,H,475,"02/14/2015, 00:00:00",L5,90,15831.20000
Green-Mitchell,L,476,2021/08/18,L2,111,1757.60000
Higgins Inc,light,477,2024/05/12,L5,11,5639.80000
Martinez-Smith,H,478,"10/22/2015, 00:00:00",L2,95,7601.30000
Wiek Dörr GbR,normal,479,2024/04/17,L1,73,6629.90000
Sousa S/A,light,480,03 Oct 2016,L2,117,12113.10000
Wiek Dörr GbR,med,481,"04/19/2017, 00:00:00",L4,112,15429.40000
Barth Gute OHG mbH,L,482,04 Jun 2023,L5,12,6324.80000
Martinez-Smith,1,483,15 May 2019,L6,16,9504.40000
Hein Dörr GmbH,L,484,"08/03/2016, 00:00:00",L4,4,12750.40000
Stey Fechner GbR,normal,485,2019/12/30,L6,87,15208.60000
Striebitz AG,N,486,2017/07/07,L1,109,4527.00000
Ladeck Junk KG,3,487,2015/01/24,L2,58,26393.40000
Sousa S/A, normal ,488,2018/08/28,L5,106,6348.40000
Esteves S/A,normal,489,14 Aug 2016,L6,51,18380.50000
Wiek Dörr GbR,med,490,2024/08/12,L5,72,5973.90000
Pinto, L ,491,2015/09/01,L2,102,9372.00000
Pinto, normal ,492,2024/05/22,L4,77,18974.70000
Castro Nascimento Lda.,3,493,2021/09/30,L5,117,5632.10000
Powell Inc,1,494,"08/20/2015, 00:00:00",L5,1,28678.70000
Ladeck Junk KG,light,495,2015/02/24,L1,81,20143.90000
Gierschner GmbH & Co. OHG,L,496,2020/06/03,L5,76,7441.70000
Green-Mitchell,3,497,27 May 2019,L1,98,12965.90000
"Clark, Jackson and Anderson",med,498,2019/12/19,L1,63,
"Smith, Richardson and Johnson",1,499,10 Mar 2020,L2,23,9613.40000
Jones Group,L,500,"03/26/2020, 00:00:00",L2,2,18634.90000
Hunt LLC,med,501,2023/07/27,L4,60,8116.50000
Powell Inc,3,502,2016/07/24,L1,84,11577.60000
Esteves S/A,3,503,2018-05-14,L5,88,19727.80000
Ladeck Junk KG,N,504,2019/09/20,L6,65,11973.60000
Salazar-Harris,N,505,"12/29/2020, 00:00:00",L5,46,11672.90000
Jäkel,light,506,23 Jun 2024,L1,11,9494.60000
Wiek Dörr GbR,med,507,07 Jul 2021,L4,75,20266.50000
"Jones, Russell and Guzman",heavy,508,29 Dec 2015,L1,85,10221.50000
Horton-Huffman,2,509,15 Mar 2023,L3,43,11280.20000
Jones Group,L,510,2020-12-12,L2,34,3622.70000
Esteves S/A,heavy,511,02 May 2017,L4,83,11878.50000
Powell Inc,normal,512,05 Oct 2020,L1,37,23312.80000
Moreira Henriques S.A.,heavy,513,2015/02/20,L4,111,5500.70000
Morales Ltd,H,514,"11/15/2021, 00:00:00",L2,38,15578.50000
Jäkel,normal,515,2018/06/27,L4,59,13360.80000
Schulz Weiß GmbH, L ,516,2020-08-10,L1,11,18975.90000
Morales Ltd,3,517,2021-02-19,L1,96,5369.60000
Horton-Huffman,light,518,"01/22/2016, 00:00:00",L6,40,13558.30000
Stey Fechner GbR, H ,519,04 Aug 2020,L3,103,12776.80000
"Holland, Moore and Foster",med,520,2023-04-27,L6,42,21255.90000
Hamann GmbH & Co. KGaA,3,521,"09/03/2022, 00:00:00",L2,108,6650.60000
Jones Group, 1 ,522,03 Jan 2018,L6,69,5744.50000
Jones Group,light,523,2022/06/29,L3,17,12710.00000
Salazar-Harris,med,524,"12/07/2024, 00:00:00",L4,57,42964.90000
Esteves S/A,N,525,"11/06/2022, 00:00:00",L5,44,25907.80000
Marquez Group,L,526,11 Dec 2016,L5,26,15427.30000
"Jones, Russell and Guzman", med ,527,"07/20/2019, 00:00:00",L5,68,20228.60000
Fleming Group,N,528,"03/19/2023, 00:00:00",L6,100,8263.80000
Rocha,2,529,2017-02-11,L6,64,45000.00000
Ladeck, 1 ,530,"04/02/2020, 00:00:00",L4,15,9983.10000
Barth Gute OHG mbH,L,531,"06/24/2022, 00:00:00",L5,19,7135.30000
Powell Inc,light,532,29 May 2021,L2,2,15030.60000
Wiek Dörr GbR,3,533,31 Mar 2015,L5,115,17678.90000
Barth Gute OHG mbH,heavy,534,17 Apr 2019,L5,112,25212.60000
Marquez Group,normal,535,"01/12/2023, 00:00:00",L4,56,7381.50000
Torres Melo Lda.,heavy,536,"02/07/2019, 00:00:00",L4,44,27188.40000
"Clark, Jackson and Anderson",1,537,27 May 2022,L1,13,9085.10000
Ladeck,light,538,"04/27/2024, 00:00:00",L4,29,30651.60000
"Jones, Russell and Guzman", 1 ,539,2022/08/01,L5,9,18272.50000
Torres Melo Lda.,1,540,21 Feb 2016,L5,18,16819.90000
Hein Dörr GmbH,L,541,2019-11-06,L5,22,24874.10000
Misicher Nette GmbH & Co. KGaA,light,542,29 Sep 2022,L4,45,15940.20000
Barth Gute OHG mbH,normal,543,2023/12/27,L5,50,14020.60000
Martinez-Smith,1,544,2020/08/12,L3,88,26780.20000
Ladeck,H,545,2019/03/09,L4,94,13020.70000
"Jones, Russell and Guzman",2,546,"08/24/2020, 00:00:00",L5,50,14648.30000
Barth Gute OHG mbH,N,547,2017-02-02,L5,49,14380.80000
"Jones, Russell and Guzman",med,548,17 Dec 2018,L3,50,9030.40000
Morales Ltd,3,549,2017-06-11,L1,6,19081.20000
Pinto,3,550,2022-05-15,L2,109,6063.40000
Börner Klemt KG,L,551,2019/03/18,L4,114,6139.60000
Börner Klemt KG,N,552,17 Dec 2021,L6,103,22238.20000
"Clark, Jackson and Anderson",med,553,2021/10/19,L1,74,18583.60000
Ladeck Junk KG, 1 ,554,"03/18/2018, 00:00:00",L4,80,14767.70000
Castro Nascimento Lda.,L,555,2017-08-09,L5,101,25814.70000
"Smith, Richardson and Johnson",heavy,556,2021/04/27,L2,81,11915.90000
Salazar-Harris,L,557,"09/19/2019, 00:00:00",L4,15,11343.30000
Marquez Group,L,558,2021-02-14,L3,16,6626.20000
Hande,1,559,04 Dec 2021,L3,32,30194.90000
"Jones, Russell and Guzman", H ,560,29 Aug 2019,L3,112,11566.10000
Misicher Nette GmbH & Co. KGaA,H,561,2022/04/13,L1,111,25015.60000
Tran-Lewis,2,562,2022-07-18,L6,73,8414.40000
Misicher Nette GmbH & Co. KGaA,3,563,2019/04/08,L1,105,21635.00000
"Jones, Russell and Guzman",normal,564,2020-06-11,L2,50,45000.00000
Schulz Weiß GmbH, 3 ,565,14 May 2016,L3,117,12901.90000
Hunt LLC,3,566,2019-11-11,L6,93,5549.00000
Morales Ltd,3,567,20 Mar 2022,L1,66,7386.50000
Stey Fechner GbR,heavy,568,2019-04-02,L1,91,8819.70000
"Jones, Russell and Guzman",N,569,2016/05/08,L6,70,6801.30000
Schulz Weiß GmbH,med,570,"11/03/2017, 00:00:00",L4,48,8412.30000
Gierschner GmbH & Co. OHG,light,571,2018-10-12,L2,34,3972.50000
Powell Inc, light ,572,"10/06/2015, 00:00:00",L2,98,31387.60000
Barth Gute OHG mbH,normal,573,"11/19/2019, 00:00:00",L3,29,15008.80000
Börner Klemt KG,N,574,13 Nov 2018,L6,56,12025.90000
"Smith, Richardson and Johnson", heavy ,575,07 Nov 2021,L3,112,5495.90000
Barth Gute OHG mbH,light,576,2022-05-27,L5,15,12471.50000
Morales Ltd,L,577,"08/09/2019, 00:00:00",L6,31,6057.40000
Gierschner GmbH & Co. OHG, heavy ,578,2019/06/09,L3,87,11450.10000
Wiek Dörr GbR,L,579,"12/27/2023, 00:00:00",L2,9,5327.30000
Stey Fechner GbR,heavy,580,15 Feb 2021,L3,103,5447.90000
Hunt LLC,3,581,"02/01/2021, 00:00:00",L6,81,12120.40000
Maia,light,582,2020/03/28,L1,89,26697.70000
Wiek Dörr GbR,heavy,583,"01/28/2018, 00:00:00",L5,110,7163.60000
Higgins Inc,3,584,"12/03/2023, 00:00:00",L3,102,6750.70000
Salazar-Harris,2,585,2023-06-15,L2,47,13958.60000
Pinto,1,586,"06/20/2016, 00:00:00",L1,18,16441.40000
Salazar-Harris,2,587,10 May 2016,L3,59,10471.90000
Morales Ltd,med,588,2024/12/13,L6,18,25543.40000
Esteves S/A,heavy,589,17 Jul 2021,L6,77,32806.10000
Esteves S/A,heavy,590,"01/04/2019, 00:00:00",L5,118,10836.80000
Hein Dörr GmbH,N,591,2022-12-11,L6,60,30096.10000
Ladeck,light,592,07 Jul 2016,L6,14,18783.30000
Maia,N,593,2019/04/12,L5,63,6000.50000
Esteves S/A,3,594,2017-08-04,L4,92,5578.50000
Gierschner GmbH & Co. OHG,med,595,2021-01-05,L1,10,6107.20000
Wiek Dörr GbR,med,596,05 Jan 2023,L1,41,14191.00000
Barth Gute OHG mbH,1,597,2015/09/18,L4,53,12726.80000
Schulz Weiß GmbH,3,598,2020/01/06,L2,88,8520.30000
Jäkel,1,599,2023-05-04,L3,9,5320.90000
"Clark, Jackson and Anderson",2,600,"01/30/2021, 00:00:00",L2,68,19019.10000
Pinto,N,601,2022-03-08,L5,57,17838.10000
Green-Mitchell, light ,602,2019-02-24,L1,34,9681.70000
Martinez-Smith,light,603,2019-12-25,L6,32,11273.90000
"Jones, Russell and Guzman",L,604,2015-06-17,L4,59,3259.90000
Pinto, light ,605,2016-02-29,L6,20,14626.60000
Wiek Dörr GbR, heavy ,606,2023/11/13,L3,110,25123.20000
Maia,heavy,607,"01/29/2016, 00:00:00",L6,116,17281.80000
"Smith, Richardson and Johnson",L,608,2021/12/25,L2,39,5110.00000
Jäkel,N,609,28 Mar 2017,L5,63,12918.90000
"Clark, Jackson and Anderson",N,610,23 Aug 2015,L1,78,15381.90000
Horton-Huffman,med,611,"04/19/2015, 00:00:00",L1,76,45000.00000
Ladeck Junk KG,med,612,"06/27/2016, 00:00:00",L2,44,5333.90000
Misicher Nette GmbH & Co. KGaA,heavy,613,05 Mar 2016,L5,86,12451.50000
Ladeck,L,614,"12/13/2022, 00:00:00",L5,39,7111.70000
Rocha,light,615,16 Dec 2019,L4,33,13336.00000
Hande,3,616,25 Oct 2015,L5,80,20707.00000
Moreira Henriques S.A.,3,617,19 Sep 2015,L4,80,8150.20000
Hein Dörr GmbH,1,618,2024-03-31,L4,62,23970.50000
"Jones, Russell and Guzman",normal,619,2021-01-13,L1,22,23841.10000
"Holland, Moore and Foster",1,620,"06/09/2019, 00:00:00",L2,2,4154.80000
Börner Klemt KG,1,621,"07/21/2015, 00:00:00",L1,30,8103.80000
Torres Melo Lda.,N,622,2018/12/12,L6,76,9305.90000
Barth Gute OHG mbH,1,623,2021-11-23,L5,20,9461.50000
Marquez Group,heavy,624,06 Jul 2015,L6,105,7435.80000
Powell Inc, N ,625,2020/05/23,L3,78,9751.10000
Ladeck Junk KG,normal,626,"10/07/2024, 00:00:00",L5,35,6136.50000
Hein Dörr GmbH,3,627,"07/30/2015, 00:00:00",L6,109,5847.00000
Nette Weller Stiftung & Co. KGaA, 3 ,628,2022/01/26,L5,94,18163.60000
Sousa S/A,med,629,"01/24/2015, 00:00:00",L5,1,37970.80000
Hamann GmbH & Co. KGaA,normal,630,2020/03/09,L2,42,3527.60000
Barth Gute OHG mbH,1,631,2017/09/15,L3,0,23801.70000
Moreira Henriques S.A.,L,632,01 Apr 2016,L6,18,10757.20000
Green-Mitchell,3,633,"02/06/2015, 00:00:00",L3,108,10601.10000
Green-Mitchell,N,634,2018/07/11,L2,59,5122.30000
"Holland, Moore and Foster",H,635,"07/12/2023, 00:00:00",L1,106,9086.60000
Schulz Weiß GmbH,L,636,2022/04/29,L2,43,12038.50000
Martinez-Smith,L,637,2022-01-30,L6,43,14156.20000
Striebitz AG,3,638,2018-06-27,L3,97,12833.70000
Gierschner GmbH & Co. OHG,light,639,2021/10/26,L6,13,7879.40000
Torres Melo Lda.,med,640,2017-01-28,L5,66,22810.20000
Martinez-Smith,1,641,2024/10/12,L5,31,14762.20000
Ladeck Junk KG,3,642,2024/09/17,L5,110,8148.90000
Green-Mitchell,3,643,2017/05/27,L1,107,5979.50000
Hein Dörr GmbH, heavy ,644,2016-07-06,L5,119,12120.10000
Jones Group,2,645,2024/12/03,L5,44,2281.80000
Powell Inc,light,646,2018/11/17,L2,0,12077.50000
Rocha, light ,647,2016/06/26,L2,27,17779.10000
Higgins Inc,L,648,2019/03/24,L6,35,10165.10000
Higgins Inc,2,649,"12/29/2023, 00:00:00",L2,71,7363.10000
Pinto,1,650,2018/11/09,L3,22,
Green-Mitchell,1,651,2018-12-12,L2,1,10886.90000
Meister,1,652,2022-12-20,L4,58,19143.40000
Morales Ltd,normal,653,2018-08-23,L4,48,12852.30000
"Smith, Richardson and Johnson",3,654,2018-12-18,L4,119,21222.40000
Esteves S/A,heavy,655,"04/27/2023, 00:00:00",L2,98,10978.90000
Hande, N ,656,20 Dec 2018,L1,43,8815.90000
Horton-Huffman,normal,657,18 Feb 2024,L1,3,7019.40000
Powell Inc,L,658,12 Jul 2024,L1,11,5442.30000
Esteves S/A,normal,659,25 Jul 2024,L4,49,11016.60000
Misicher Nette GmbH & Co. KGaA,2,660,2017/06/04,L5,72,12739.70000
Rocha,L,661,2021-12-15,L1,14,45000.00000
Higgins Inc,heavy,662,2016-12-24,L6,112,18233.60000
Nette Weller Stiftung & Co. KGaA,1,663,25 Mar 2020,L4,85,15315.50000
Hande,med,664,14 Jun 2019,L6,25,9544.00000
Hunt LLC,normal,665,"06/04/2024, 00:00:00",L1,79,8831.30000
Nette Weller Stiftung & Co. KGaA,normal,666,2016-01-07,L5,91,7682.00000
Hunt LLC,3,667,"12/24/2023, 00:00:00",L4,86,4962.10000
Börner Klemt KG,light,668,"01/02/2022, 00:00:00",L4,15,10605.30000
Jones Group, 3 ,669,"07/23/2019, 00:00:00",L6,89,20837.20000
Schulz Weiß GmbH,1,670,27 May 2019,L3,46,4908.80000
Esteves S/A,1,671,"10/15/2020, 00:00:00",L5,34,15854.40000
Pinto,light,672,"05/24/2021, 00:00:00",L1,6,9777.40000
Maia,2,673,19 Sep 2015,L5,50,26467.80000
Pinto,2,674,2016/09/26,L1,73,11711.60000
Martinez-Smith,H,675,"12/28/2016, 00:00:00",L1,94,12689.10000
Green-Mitchell,L,676,17 May 2022,L4,40,19346.90000
Marquez Group,light,677,"09/05/2020, 00:00:00",L5,38,7196.40000
Marquez Group, 1 ,678,02 Aug 2023,L2,22,12591.30000
Maia,med,679,2017/04/06,L5,74,22721.90000
"Holland, Moore and Foster",N,680,2016/11/23,L3,33,14259.90000
Torres Melo Lda.,H,681,"02/16/2019, 00:00:00",L5,9,21058.30000
"Smith, Richardson and Johnson",3,682,27 Apr 2021,L2,119,17201.60000
Striebitz AG, med ,683,"01/16/2015, 00:00:00",L5,67,23322.70000
Schulz Weiß GmbH,1,684,09 Dec 2019,L1,34,16011.70000
Wiek Dörr GbR,normal,685,2023/01/11,L6,63,3278.90000
Esteves S/A,normal,686,"05/30/2021, 00:00:00",L5,110,
Börner Klemt KG,2,687,2018/07/02,L6,64,45000.00000
Pinto,L,688,2019/08/10,L6,1,10525.30000
Ladeck,2,689,"10/20/2023, 00:00:00",L4,40,10327.80000
Stey Fechner GbR,normal,690,27 Dec 2022,L5,13,15153.80000
"Smith, Richardson and Johnson",3,691,06 Jul 2024,L6,91,4222.30000
Esteves S/A,light,692,05 Oct 2021,L1,23,10696.40000
Green-Mitchell,heavy,693,2019-04-18,L6,96,11213.30000
Börner Klemt KG,light,694,2015-09-12,L1,18,20536.20000
"Clark, Jackson and Anderson",1,695,2016/01/16,L4,8,
"Smith, Richardson and Johnson",L,696,2016/01/04,L4,30,16664.60000
Powell Inc, 1 ,697,2017/07/03,L2,113,6482.50000
Higgins Inc,L,698,2021-07-13,L1,111,14548.70000
Ladeck Junk KG,N,699,2023-11-04,L3,59,36345.30000
Moreira Henriques S.A.,2,700,2020-03-26,L1,70,6854.00000
Meister,med,701,"04/27/2020, 00:00:00",L5,37,
"Holland, Moore and Foster",normal,702,2022/03/07,L1,40,8648.30000
"Jones, Russell and Guzman",2,703,"10/15/2016, 00:00:00",L4,46,39982.00000
Green-Mitchell,N,704,16 Dec 2016,L5,67,10937.40000
Misicher Nette GmbH & Co. KGaA,3,705,2018-10-05,L1,80,10948.70000
Horton-Huffman,3,706,2016/04/14,L5,109,39349.80000
Meister,H,707,"03/12/2021, 00:00:00",L5,86,14150.60000
Schulz Weiß GmbH,normal,708,25 Dec 2024,L4,42,13494.80000
"Clark, Jackson and Anderson",1,709,"04/30/2018, 00:00:00",L1,21,16752.20000
Castro Nascimento Lda.,N,710,2019-11-06,L5,48,
Fleming Group,normal,711,2016-06-24,L4,14,33318.20000
Higgins Inc,N,712,2016/04/03,L1,56,9049.30000
Gierschner GmbH & Co. OHG,H,713,"12/06/2017, 00:00:00",L1,74,11489.30000
"Jones, Russell and Guzman",normal,714,24 Aug 2016,L2,62,13613.10000
Hunt LLC,light,715,2024/04/03,L1,12,10489.10000
Sousa S/A,normal,716,2023/06/15,L1,42,8617.30000
Barth Gute OHG mbH,2,717,2016-08-30,L2,65,16611.50000
Higgins Inc,2,718,16 Sep 2019,L1,43,25759.40000
"Clark, Jackson and Anderson",1,719,15 May 2015,L4,23,9539.60000
Marquez Group,light,720,2018/03/21,L3,13,30684.00000
Hamann GmbH & Co. KGaA,light,721,2022/12/14,L6,29,11855.70000
Hande,light,722,2015/07/02,L3,61,9103.80000
"Jones, Russell and Guzman",3,723,02 Sep 2022,L1,44,15664.00000
Tran-Lewis,N,724,11 Sep 2020,L6,51,
Wiek Dörr GbR, med ,725,"05/10/2022, 00:00:00",L2,67,9332.90000
Börner Klemt KG,L,726,2019/03/26,L4,13,7780.20000
"Clark, Jackson and Anderson", 1 ,727,2017-09-12,L4,15,13219.40000
Ladeck Junk KG,light,728,2022/09/27,L1,76,16089.30000
Gierschner GmbH & Co. OHG,1,729,2023-01-24,L2,14,24561.60000
Jones Group,1,730,09 Aug 2019,L5,21,19544.40000
"Smith, Richardson and Johnson",H,731,2021-08-21,L3,111,9820.00000
Higgins Inc,L,732,24 Sep 2018,L5,25,9157.20000
Rocha,light,733,"06/13/2021, 00:00:00",L4,9,18033.00000
Powell Inc,3,734,"08/23/2018, 00:00:00",L6,91,26227.80000
Pinto,L,735,"11/30/2021, 00:00:00",L6,29,23989.60000
Hein Dörr GmbH,normal,736,"04/03/2017, 00:00:00",L5,67,14279.20000
Stey Fechner GbR,1,737,2015-07-27,L3,19,19674.20000
Tran-Lewis,H,738,04 Feb 2023,L3,106,5236.80000
Ladeck Junk KG,2,739,24 Aug 2020,L3,106,
Tran-Lewis,med,740,2015-12-05,L6,58,12772.10000
Higgins Inc,med,741,"03/03/2018, 00:00:00",L3,48,30461.90000
Sousa S/A,L,742,"06/08/2018, 00:00:00",L1,6,10322.80000
Martinez-Smith,normal,743,"03/17/2020, 00:00:00",L3,57,6027.50000
Meister,normal,744,2016-12-08,L2,90,
Pinto,normal,745,"12/25/2016, 00:00:00",L5,46,8208.70000
Pinto,1,746,29 Sep 2015,L5,25,8245.30000
Moreira Henriques S.A.,3,747,2021-06-07,L4,110,18161.30000
Sousa S/A,med,748,20 May 2023,L5,52,23800.50000
Hein Dörr GmbH,3,749,2022-11-01,L6,108,7227.90000
Marquez Group,normal,750,2021-01-24,L6,65,9848.30000
Sousa S/A,1,751,2018/07/02,L2,75,33728.00000
Wiek Dörr GbR,L,752,10 Feb 2017,L6,35,26142.30000
Marquez Group,H,753,29 May 2021,L3,25,5162.00000
Horton-Huffman,normal,754,2018/07/19,L5,48,13852.70000
Gierschner GmbH & Co. OHG,light,755,2022-02-18,L3,27,10694.90000
Castro Nascimento Lda.,light,756,2021/07/21,L1,51,27394.80000
Ladeck Junk KG,N,757,2021/11/10,L3,68,16132.20000
Salazar-Harris,light,758,31 Oct 2019,L2,31,31108.00000
Stey Fechner GbR,heavy,759,"04/17/2017, 00:00:00",L2,109,7771.30000
Wiek Dörr GbR, H ,760,17 Oct 2015,L3,88,9281.30000
Hamann GmbH & Co. KGaA,1,761,"08/13/2018, 00:00:00",L3,75,
Morales Ltd,3,762,2016-10-20,L1,114,7207.30000
Salazar-Harris,3,763,"10/29/2015, 00:00:00",L1,97,16218.10000
Nette Weller Stiftung & Co. KGaA, 1 ,764,23 Jun 2023,L2,5,12123.30000
Castro Nascimento Lda.,3,765,2023/04/11,L5,88,14287.90000
Stey Fechner GbR,N,766,2023/06/29,L4,78,5255.10000
Ladeck,1,767,2020/09/22,L6,1,5208.80000
Ladeck,1,768,2020/03/17,L2,26,20834.00000
"Jones, Russell and Guzman",N,769,2017-11-16,L4,77,15669.10000
Nette Weller Stiftung & Co. KGaA,3,770,2022/03/30,L3,114,3896.40000
Sousa S/A,normal,771,2020/05/04,L1,50,
"Clark, Jackson and Anderson",L,772,2021-10-14,L3,19,10027.20000
Hunt LLC,3,773,2023/07/08,L2,85,4819.20000
Meister,L,774,"06/05/2024, 00:00:00",L1,29,6505.20000
Nette Weller Stiftung & Co. KGaA,normal,775,18 Jul 2021,L2,75,9156.80000
Jäkel,N,776,2023/10/24,L6,64,5737.60000
Castro Nascimento Lda.,L,777,24 Nov 2022,L3,39,8219.00000
Morales Ltd,light,778,2017-02-12,L2,26,25918.90000
Horton-Huffman,L,779,2017/03/15,L1,13,7357.00000
Wiek Dörr GbR,3,780,"03/25/2023, 00:00:00",L4,95,32522.80000
Green-Mitchell,med,781,15 Feb 2024,L1,76,13905.00000
Martinez-Smith,normal,782,"11/20/2023, 00:00:00",L1,40,5216.30000
Jäkel,light,783,2024-08-15,L1,25,
Sousa S/A,light,784,2019/02/12,L2,7,31952.20000
Maia,light,785,"01/30/2018, 00:00:00",L3,66,16132.70000
"Smith, Richardson and Johnson", L ,786,2017/09/02,L3,26,16109.90000
Tran-Lewis,2,787,08 Jan 2018,L2,48,33371.20000
"Holland, Moore and Foster",N,788,2023/09/08,L1,69,7668.40000
Jäkel,med,789,"06/27/2023, 00:00:00",L4,64,4667.50000
Hein Dörr GmbH,normal,790,2017-09-17,L6,63,26350.80000
Pinto,med,791,23 Apr 2022,L3,12,16834.30000
Fleming Group,normal,792,"10/13/2023, 00:00:00",L1,44,7242.40000
Hamann GmbH & Co. KGaA,L,793,2021-05-26,L4,18,10500.50000
Ladeck,N,794,2018-09-06,L5,45,13471.20000
Salazar-Harris,light,795,"11/12/2022, 00:00:00",L5,20,12534.30000
Nette Weller Stiftung & Co. KGaA,3,796,2016-12-21,L3,92,6511.60000
Misicher Nette GmbH & Co. KGaA,L,797,2021-10-22,L2,4,15067.90000
"Smith, Richardson and Johnson", 1 ,798,"09/09/2021, 00:00:00",L5,91,16543.70000
"Smith, Richardson and Johnson",light,799,16 Apr 2018,L2,54,13104.30000
Wiek Dörr GbR,1,800,2019-01-25,L3,80,5321.60000
Stey Fechner GbR,2,801,2017/10/09,L1,73,25203.30000
Hande,heavy,802,2015/03/05,L6,8,9821.60000
Green-Mitchell,light,803,24 Jun 2017,L3,15,13700.90000
Sousa S/A,N,804,25 Sep 2019,L2,62,6305.10000
Gierschner GmbH & Co. OHG,L,805,04 Aug 2019,L5,9,9772.30000
Salazar-Harris,med,806,2017/01/01,L5,47,
Sousa S/A,H,807,2018/10/19,L5,101,7355.30000
Meister,3,808,22 Sep 2020,L4,82,5297.30000
"Jones, Russell and Guzman",med,809,"02/04/2021, 00:00:00",L3,71,11368.10000
Hamann GmbH & Co. KGaA,1,810,2015/01/25,L2,11,
Castro Nascimento Lda.,normal,811,"09/18/2018, 00:00:00",L1,53,9964.40000
Powell Inc,normal,812,2022/05/22,L3,68,7934.00000
"Clark, Jackson and Anderson",1,813,2020-04-29,L5,10,4640.10000
Barth Gute OHG mbH,heavy,814,2017/04/30,L2,0,17254.00000
Fleming Group,light,815,2022-12-20,L6,2,26394.30000
Hande,heavy,816,20 Dec 2022,L5,4,6584.80000
Castro Nascimento Lda.,heavy,817,"11/13/2022, 00:00:00",L6,114,21874.90000
Martinez-Smith,light,818,2018/06/21,L3,1,9824.20000
Stey Fechner GbR,L,819,01 Aug 2024,L5,26,11333.40000
Gierschner GmbH & Co. OHG,heavy,820,2015-08-02,L2,95,13276.10000
Horton-Huffman,N,821,2024/05/27,L4,43,5901.40000
Misicher Nette GmbH & Co. KGaA,1,822,2023/06/29,L3,115,3719.00000
Rocha,med,823,2015/06/22,L4,65,5153.90000
Sousa S/A,2,824,2021-04-05,L6,64,8546.90000
Hamann GmbH & Co. KGaA,N,825,2015/08/07,L2,69,13954.70000
Gierschner GmbH & Co. OHG,light,826,2022/11/22,L1,14,12308.20000
Torres Melo Lda.,heavy,827,"12/05/2019, 00:00:00",L4,101,7203.50000
Hamann GmbH & Co. KGaA, 1 ,828,29 Sep 2023,L6,59,22381.60000
Maia,med,829,"02/19/2019, 00:00:00",L6,67,27257.20000
Green-Mitchell,normal,830,"02/22/2017, 00:00:00",L2,50,13655.90000
Hande,2,831,"02/07/2021, 00:00:00",L3,59,10402.60000
Striebitz AG,normal,832,24 May 2016,L6,42,5428.80000
Moreira Henriques S.A.,N,833,12 Jan 2022,L3,52,5906.00000
Stey Fechner GbR, L ,834,2020-08-26,L5,8,7426.30000
"Smith, Richardson and Johnson", 1 ,835,"07/09/2023, 00:00:00",L4,0,9892.10000
Sousa S/A,L,836,2021/09/19,L2,0,4209.80000
Horton-Huffman,med,837,26 Feb 2021,L5,57,15033.80000
Castro Nascimento Lda., H ,838,"10/03/2022, 00:00:00",L5,98,5825.70000
Higgins Inc,3,839,05 Jul 2022,L1,111,23060.80000
Green-Mitchell,1,840,17 Jul 2020,L4,31,10599.10000
Pinto,L,841,01 Jun 2020,L2,16,11639.50000
Ladeck Junk KG, light ,842,"07/25/2019, 00:00:00",L1,36,13325.00000
Higgins Inc,light,843,15 Aug 2021,L3,12,6427.40000
Esteves S/A,light,844,2019-07-23,L1,3,45000.00000
Fleming Group,normal,845,12 Sep 2020,L3,63,35545.80000
"Smith, Richardson and Johnson",1,846,09 Dec 2018,L4,89,35604.90000
Gierschner GmbH & Co. OHG,2,847,28 Mar 2022,L1,49,4823.40000
Higgins Inc,light,848,2022-06-03,L3,27,
Jones Group,normal,849,2024-03-08,L3,75,16753.30000
Hein Dörr GmbH,L,850,2019/08/21,L6,28,13126.80000
Esteves S/A,2,851,2017-06-15,L4,75,20684.60000
Ladeck Junk KG,3,852,2016/08/08,L2,50,38846.80000
Ladeck Junk KG,normal,853,"06/17/2019, 00:00:00",L6,81,20419.30000
Sousa S/A,heavy,854,"01/31/2015, 00:00:00",L3,91,10746.30000
Martinez-Smith,H,855,2015-12-09,L2,80,9657.00000
Stey Fechner GbR,2,856,"07/03/2018, 00:00:00",L3,19,5185.70000
Misicher Nette GmbH & Co. KGaA,heavy,857,2023/12/14,L4,89,12052.10000
Hein Dörr GmbH,3,858,2022-02-15,L5,77,9674.70000
Higgins Inc,H,859,2019-08-29,L6,80,12734.40000
Horton-Huffman,H,860,22 Dec 2016,L6,101,7031.70000
Powell Inc,L,861,"06/21/2022, 00:00:00",L2,3,25047.80000
Meister,L,862,2020-08-06,L4,23,14046.40000
"Clark, Jackson and Anderson",3,863,2021-11-25,L6,77,7309.90000
"Jones, Russell and Guzman", 2 ,864,2023-08-22,L6,61,17199.80000
Hande, H ,865,"01/24/2015, 00:00:00",L2,23,7833.70000
Salazar-Harris,med,866,2020-01-14,L6,8,26381.70000
Sousa S/A,normal,867,"12/31/2021, 00:00:00",L1,40,11246.40000
Jäkel,light,868,17 Aug 2019,L5,29,13428.00000
"Smith, Richardson and Johnson",N,869,28 May 2024,L1,52,16708.50000
Martinez-Smith,1,870,2021-06-26,L5,34,7400.90000
"Clark, Jackson and Anderson",1,871,23 Feb 2018,L5,5,
Meister, light ,872,"10/14/2022, 00:00:00",L2,1,15823.00000
Fleming Group,normal,873,23 Jul 2024,L4,79,17572.20000
Torres Melo Lda.,heavy,874,2024-04-16,L5,101,9023.50000
Moreira Henriques S.A.,3,875,"02/10/2018, 00:00:00",L6,103,8612.40000
Moreira Henriques S.A., light ,876,"08/13/2020, 00:00:00",L3,48,13805.30000
Marquez Group,L,877,09 Aug 2021,L3,99,26040.20000
Green-Mitchell,N,878,"08/08/2017, 00:00:00",L4,51,4605.50000
"Holland, Moore and Foster",heavy,879,2019-11-11,L2,83,14684.00000
Hunt LLC,light,880,04 Oct 2024,L5,102,23274.90000
Meister,med,881,2021/11/28,L5,72,10485.50000
Rocha,N,882,2020-03-11,L3,43,7415.80000
"Smith, Richardson and Johnson",normal,883,"09/14/2015, 00:00:00",L1,15,26526.40000
Börner Klemt KG,1,884,06 Dec 2022,L6,32,8269.90000
Barth Gute OHG mbH,light,885,2017-06-27,L2,16,5546.20000
Börner Klemt KG,L,886,2018-11-02,L6,19,8414.20000
Stey Fechner GbR,1,887,2016-06-06,L1,28,21486.00000
"Clark, Jackson and Anderson",med,888,2023-10-06,L6,64,
Jones Group, light ,889,2015-11-05,L6,39,19531.90000
Hunt LLC,heavy,890,2016/02/13,L1,110,16976.60000
Rocha,1,891,"04/05/2015, 00:00:00",L4,23,12207.30000
Horton-Huffman,L,892,17 Jun 2017,L3,26,14206.80000
Börner Klemt KG,1,893,2024-08-04,L3,35,12460.50000
Ladeck Junk KG,med,894,2017-05-08,L1,51,10008.40000
Marquez Group,2,895,"01/04/2021, 00:00:00",L1,82,30146.70000
Higgins Inc,light,896,"06/05/2024, 00:00:00",L6,28,11558.40000
Fleming Group, heavy ,897,2015-05-23,L3,95,27693.60000
Barth Gute OHG mbH,L,898,08 Dec 2015,L5,39,17898.10000
Moreira Henriques S.A., normal ,899,"11/28/2023, 00:00:00",L2,40,12881.10000
Striebitz AG, 2 ,900,2016/02/23,L5,41,37212.50000
Wiek Dörr GbR, med ,901,17 Dec 2023,L3,79,44630.80000
Ladeck Junk KG,med,902,2019/01/24,L4,69,11459.60000
Schulz Weiß GmbH,normal,903,"03/11/2019, 00:00:00",L2,59,16340.10000
Nette Weller Stiftung & Co. KGaA,light,904,2024-08-17,L4,19,8129.40000
Wiek Dörr GbR,L,905,03 Jun 2020,L3,7,10108.10000
Tran-Lewis,light,906,14 Jun 2016,L4,83,8475.80000
Jäkel,2,907,2024-02-11,L6,56,
Misicher Nette GmbH & Co. KGaA,L,908,2019/11/13,L1,18,6695.50000
Salazar-Harris,L,909,2019/02/22,L4,3,7485.60000
Pinto,light,910,2024/09/07,L5,37,14716.20000
Striebitz AG,1,911,18 Aug 2023,L4,36,31685.50000
Moreira Henriques S.A.,H,912,17 Dec 2019,L3,85,16403.70000
Moreira Henriques S.A.,light,913,24 Apr 2015,L2,107,45000.00000
Meister,heavy,914,"06/07/2017, 00:00:00",L1,101,13877.60000
Esteves S/A,L,915,"09/07/2019, 00:00:00",L2,23,16213.80000
Rocha,3,916,2018/02/10,L5,109,13980.60000
Moreira Henriques S.A.,2,917,2018/05/20,L3,95,17233.30000
Meister,light,918,2024/06/25,L3,1,8831.40000
Torres Melo Lda.,N,919,"04/21/2022, 00:00:00",L3,64,12072.20000
Schulz Weiß GmbH,L,920,24 May 2017,L5,48,45000.00000
Misicher Nette GmbH & Co. KGaA,2,921,"04/11/2022, 00:00:00",L1,73,8748.40000
Morales Ltd,heavy,922,29 Jun 2016,L5,80,8304.70000
Higgins Inc,normal,923,08 Mar 2017,L3,71,16931.50000
Nette Weller Stiftung & Co. KGaA,1,924,2020/06/08,L2,25,15154.90000
Hein Dörr GmbH,N,925,20 Feb 2019,L6,76,13668.70000
Torres Melo Lda.,heavy,926,2022/09/19,L1,117,45000.00000
"Jones, Russell and Guzman",normal,927,2015/02/27,L3,13,6005.60000
Esteves S/A,light,928,2023-11-03,L4,3,12025.80000
Hunt LLC,L,929,2024-05-19,L5,6,30437.70000
Salazar-Harris,light,930,"04/22/2023, 00:00:00",L1,108,8101.70000
Horton-Huffman,2,931,2022-11-04,L6,72,6716.90000
"Jones, Russell and Guzman",L,932,2019/11/06,L1,29,25818.00000
Gierschner GmbH & Co. OHG,H,933,2020/01/26,L4,58,21026.20000
Moreira Henriques S.A., L ,934,"09/23/2020, 00:00:00",L6,35,20458.10000
Marquez Group,H,935,"04/23/2017, 00:00:00",L4,64,20030.70000
"Holland, Moore and Foster",1,936,15 Jan 2024,L4,42,41376.30000
Tran-Lewis,med,937,"03/22/2016, 00:00:00",L4,99,4674.70000
"Clark, Jackson and Anderson",1,938,10 Dec 2023,L2,28,
Green-Mitchell,normal,939,2020-07-05,L4,37,20324.50000
Powell Inc,2,940,2020-09-22,L1,93,12898.50000
"Smith, Richardson and Johnson",light,941,2022-03-26,L5,118,20076.40000
Hunt LLC,H,942,2020/04/01,L2,111,13796.70000
Nette Weller Stiftung & Co. KGaA,L,943,14 Oct 2019,L6,14,16720.90000
Schulz Weiß GmbH, L ,944,2023/11/04,L6,73,5935.70000
Misicher Nette GmbH & Co. KGaA,3,945,"09/01/2021, 00:00:00",L3,67,20104.10000
Salazar-Harris,heavy,946,15 Jun 2021,L3,119,9942.10000
Torres Melo Lda.,L,947,"06/08/2024, 00:00:00",L2,100,7201.80000
Nette Weller Stiftung & Co. KGaA,3,948,2017-01-02,L2,60,17165.40000
Hande, N ,949,2018-02-13,L2,1,38136.80000
Nette Weller Stiftung & Co. KGaA,normal,950,2017-01-19,L1,66,9760.40000
Marquez Group,N,951,2016/01/12,L2,52,20441.80000
Schulz Weiß GmbH,1,952,2021-03-08,L1,23,10565.30000
Wiek Dörr GbR,3,953,08 Mar 2024,L1,99,30573.50000
Hein Dörr GmbH,1,954,2020/05/02,L2,36,12918.20000
"Jones, Russell and Guzman",2,955,11 Jan 2016,L6,53,
Hamann GmbH & Co. KGaA,L,956,"03/31/2019, 00:00:00",L1,38,23827.80000
Rocha,L,957,2021/08/15,L4,66,7891.80000
Morales Ltd,3,958,20 Apr 2015,L5,109,8279.40000
"Clark, Jackson and Anderson",light,959,17 Jun 2024,L1,5,16313.30000
Torres Melo Lda.,3,960,2017/05/07,L5,55,
Ladeck, 3 ,961,2019/11/28,L4,99,19203.90000
Maia,med,962,"11/30/2016, 00:00:00",L2,53,16380.40000
Börner Klemt KG,light,963,15 Jan 2023,L6,6,9770.30000
Meister,L,964,"11/29/2022, 00:00:00",L1,13,17596.00000
Tran-Lewis,light,965,06 Apr 2019,L4,39,15660.40000
Striebitz AG,normal,966,22 Oct 2023,L2,48,
"Holland, Moore and Foster",2,967,15 Dec 2017,L6,12,11558.60000
Gierschner GmbH & Co. OHG,med,968,"04/15/2017, 00:00:00",L1,40,17232.20000
"Jones, Russell and Guzman",light,969,2022/10/30,L1,14,3539.00000
Ladeck,med,970,2022/05/23,L6,61,8456.00000
Fleming Group,N,971,"06/15/2016, 00:00:00",L1,75,2291.80000
Tran-Lewis,H,972,06 Jun 2015,L6,105,
Maia,H,973,26 Jun 2021,L1,102,10864.10000
Hein Dörr GmbH,normal,974,26 Oct 2017,L5,65,45000.00000
Martinez-Smith,1,975,2021-09-17,L2,54,9535.30000
Rocha,3,976,2021-01-29,L6,117,8877.70000
Marquez Group,3,977,2024-10-04,L5,98,19714.70000
"Smith, Richardson and Johnson",3,978,08 Jun 2017,L3,81,34598.10000
Higgins Inc,normal,979,2020/01/31,L1,6,11086.20000
Nette Weller Stiftung & Co. KGaA,light,980,2017-08-13,L3,88,9851.10000
Esteves S/A,light,981,03 Nov 2019,L2,23,8236.30000
Martinez-Smith,L,982,01 Jul 2020,L4,68,31364.00000
Moreira Henriques S.A.,2,983,2017-03-18,L4,64,45000.00000
Meister,light,984,12 Jul 2020,L5,102,20074.20000
Maia, 3 ,985,"01/06/2020, 00:00:00",L6,85,14507.00000
Maia,med,986,15 Apr 2022,L3,46,25910.30000
"Smith, Richardson and Johnson",light,987,2015/05/19,L3,20,8455.80000
Tran-Lewis,med,988,"04/26/2021, 00:00:00",L4,117,10436.50000
Maia,light,989,2019-10-27,L4,21,29745.30000
"Smith, Richardson and Johnson",N,990,"02/23/2019, 00:00:00",L4,64,33590.40000
Hein Dörr GmbH,3,991,2017/04/29,L1,93,39515.30000
Stey Fechner GbR,H,992,"09/14/2020, 00:00:00",L6,99,8919.20000
Horton-Huffman,N,993,2022/08/16,L6,53,10088.70000
"Jones, Russell and Guzman", heavy ,994,2023-08-08,L1,112,18726.40000
Martinez-Smith,2,995,18 Mar 2020,L1,40,6940.80000
Moreira Henriques S.A.,heavy,996,2015/08/13,L2,116,4570.90000
Jäkel,heavy,997,"10/16/2018, 00:00:00",L6,101,
Striebitz AG,med,998,"03/26/2023, 00:00:00",L2,45,13924.00000
Meister,light,999,"05/11/2017, 00:00:00",L6,32,23442.80000
Barth Gute OHG mbH,1,1000,2023-04-10,L6,2,5834.10000
"Clark, Jackson and Anderson",L,1001,2024/02/20,L2,116,18909.90000
Sousa S/A,normal,1002,11 Jan 2016,L6,65,10813.60000
Sousa S/A,1,1003,2023-04-16,L5,20,7750.90000
Nette Weller Stiftung & Co. KGaA,med,1004,2017/04/20,L6,70,9258.90000
Schulz Weiß GmbH,N,1005,"09/11/2021, 00:00:00",L6,67,20938.00000
Stey Fechner GbR,H,1006,"07/10/2015, 00:00:00",L5,99,14147.00000
Powell Inc,normal,1007,"02/15/2017, 00:00:00",L6,1,8297.00000
Nette Weller Stiftung & Co. KGaA,light,1008,"09/09/2020, 00:00:00",L6,3,4364.50000
Horton-Huffman,heavy,1009,26 Sep 2024,L5,82,8854.50000
Castro Nascimento Lda.,heavy,1010,2019-09-03,L6,94,11866.20000
Stey Fechner GbR,med,1011,2018/06/22,L1,79,28847.80000
Hein Dörr GmbH,heavy,1012,09 Feb 2017,L6,70,10006.80000
Sousa S/A,2,1013,2019/05/15,L4,72,11790.20000
Gierschner GmbH & Co. OHG,heavy,1014,2019-12-21,L4,81,7817.00000
Higgins Inc,heavy,1015,"07/25/2020, 00:00:00",L5,49,9146.10000
Castro Nascimento Lda.,2,1016,2024-06-15,L2,77,9473.70000
Martinez-Smith,light,1017,"06/18/2022, 00:00:00",L5,27,26636.70000
Jäkel,light,1018,2015-07-21,L3,34,36076.30000
Marquez Group,med,1019,2017/08/30,L4,17,31441.70000
Nette Weller Stiftung & Co. KGaA,1,1020,16 Feb 2023,L2,1,8942.90000
Martinez-Smith,1,1021,"03/13/2017, 00:00:00",L2,13,25577.50000
Ladeck Junk KG,normal,1022,2019/10/12,L2,53,41120.00000
Torres Melo Lda.,light,1023,2015-01-18,L6,33,25658.20000
Jäkel,H,1024,2015-04-10,L2,68,6245.60000
Horton-Huffman,light,1025,2020-05-23,L3,3,11472.50000
Higgins Inc,1,1026,2023/03/16,L6,99,8208.90000
Misicher Nette GmbH & Co. KGaA,H,1027,2024-08-01,L4,96,13027.40000
Hunt LLC,1,1028,09 Feb 2017,L4,71,12823.70000
Gierschner GmbH & Co. OHG,heavy,1029,2017-01-23,L1,118,11821.10000
Wiek Dörr GbR, med ,1030,2018-01-24,L3,75,8418.80000
Jones Group, H ,1031,2017-10-23,L5,26,5270.70000
"Smith, Richardson and Johnson",light,1032,2015-01-31,L1,4,19213.10000
Torres Melo Lda.,normal,1033,2022/01/17,L3,74,11180.90000
Higgins Inc,H,1034,"01/28/2018, 00:00:00",L2,68,4042.00000
Martinez-Smith,N,1035,2024/07/18,L5,45,4300.30000
Maia,light,1036,"05/27/2024, 00:00:00",L4,11,12219.50000
Hunt LLC,light,1037,02 Dec 2023,L1,39,6396.70000
Horton-Huffman, normal ,1038,17 Nov 2016,L3,43,16145.80000
Hein Dörr GmbH,3,1039,2024-12-17,L6,3,7910.70000
Ladeck Junk KG,heavy,1040,2017-04-12,L3,97,6851.00000
Ladeck,light,1041,2021-05-22,L3,6,22733.90000
Gierschner GmbH & Co. OHG,normal,1042,2016/10/21,L5,77,9168.80000
Nette Weller Stiftung & Co. KGaA,normal,1043,2017/10/16,L2,46,45000.00000
Ladeck,heavy,1044,2021/03/21,L4,40,16686.80000
Ladeck, H ,1045,2019-06-12,L6,113,17933.80000
Rocha,N,1046,02 Dec 2024,L1,49,31942.20000
"Holland, Moore and Foster",light,1047,"01/22/2016, 00:00:00",L3,38,15264.80000
Powell Inc,1,1048,06 Nov 2021,L1,37,9805.90000
Sousa S/A,L,1049,2024/09/09,L2,22,
Morales Ltd,H,1050,28 Jun 2019,L2,84,18268.10000
Stey Fechner GbR,L,1051,01 Mar 2022,L3,4,15065.60000
Hunt LLC,light,1052,30 May 2017,L1,28,45000.00000
Schulz Weiß GmbH, heavy ,1053,2023/03/30,L4,97,5951.90000
Martinez-Smith,1,1054,19 Mar 2019,L2,7,32373.00000
Sousa S/A,light,1055,"11/26/2015, 00:00:00",L1,80,14176.40000
"Clark, Jackson and Anderson",heavy,1056,2020/03/23,L3,107,13113.60000
Horton-Huffman, N ,1057,2021/11/23,L6,52,13577.80000
Tran-Lewis,2,1058,20 Oct 2024,L1,59,28367.20000
Wiek Dörr GbR,med,1059,2016-01-15,L5,10,12131.30000
Ladeck Junk KG,N,1060,18 Oct 2015,L5,63,8700.80000
Hein Dörr GmbH,N,1061,04 May 2016,L4,50,
Schulz Weiß GmbH,normal,1062,2018-03-02,L2,52,9198.50000
Esteves S/A,normal,1063,"03/04/2022, 00:00:00",L6,65,27815.80000
Powell Inc, light ,1064,"12/31/2016, 00:00:00",L6,12,7152.00000
Jones Group,2,1065,11 Jun 2020,L4,70,8019.70000
Higgins Inc,H,1066,2021-04-05,L2,109,17967.30000
Sousa S/A,heavy,1067,2021/06/07,L4,104,20311.50000
Salazar-Harris,1,1068,11 Jun 2022,L4,27,5783.90000
Powell Inc,normal,1069,"04/19/2015, 00:00:00",L6,53,6900.00000
Maia,H,1070,2023/02/19,L3,116,11413.40000
Torres Melo Lda.,N,1071,2021-09-09,L5,0,27756.40000
"Holland, Moore and Foster", 2 ,1072,2019-01-30,L6,41,
Wiek Dörr GbR,1,1073,"06/15/2016, 00:00:00",L6,25,7215.80000
Pinto,med,1074,2017/03/19,L4,58,
Jones Group,L,1075,2017/06/02,L5,13,4200.90000
Sousa S/A,L,1076,2020/01/30,L4,29,5151.50000
Gierschner GmbH & Co. OHG,L,1077,"04/18/2022, 00:00:00",L6,9,10207.40000
Striebitz AG,normal,1078,29 Aug 2019,L2,51,11807.10000
Hande,med,1079,14 May 2020,L6,70,11426.80000
Ladeck,heavy,1080,"06/29/2020, 00:00:00",L3,82,13600.70000
Barth Gute OHG mbH,med,1081,18 Oct 2015,L1,4,45000.00000
"Holland, Moore and Foster",1,1082,"06/03/2017, 00:00:00",L1,73,13998.60000
"Jones, Russell and Guzman",heavy,1083,2021-07-16,L4,113,7605.40000
Jäkel,light,1084,08 Oct 2023,L4,12,23821.60000
Powell Inc,1,1085,2022-04-04,L1,7,23695.90000
Fleming Group,L,1086,2020-07-17,L1,22,16633.00000
Ladeck Junk KG,H,1087,"11/15/2020, 00:00:00",L6,35,9871.40000
Castro Nascimento Lda., heavy ,1088,"01/02/2018, 00:00:00",L6,35,
Stey Fechner GbR,L,1089,2024/03/24,L3,5,39966.90000
Fleming Group,2,1090,2018/04/30,L6,67,24032.70000
Maia,normal,1091,24 Dec 2021,L3,71,19727.20000
Ladeck, H ,1092,2022-09-13,L2,4,8697.70000
"Smith, Richardson and Johnson",heavy,1093,2019/11/08,L5,111,16182.10000
Fleming Group,2,1094,2016/06/19,L6,64,5401.60000
Salazar-Harris,light,1095,2024-10-06,L5,15,14366.60000
Pinto,3,1096,2023-06-02,L2,89,13858.70000
Green-Mitchell,N,1097,"07/28/2021, 00:00:00",L6,51,16630.30000
Green-Mitchell, L ,1098,"07/03/2023, 00:00:00",L1,17,21754.20000
Börner Klemt KG,med,1099,"03/04/2020, 00:00:00",L3,40,3867.10000
Nette Weller Stiftung & Co. KGaA, light ,1100,2018-09-01,L1,4,24098.00000
Salazar-Harris,med,1101,"02/02/2022, 00:00:00",L6,63,9810.10000
Gierschner GmbH & Co. OHG,L,1102,03 Mar 2021,L1,36,4155.00000
Powell Inc,1,1103,2023-11-27,L4,20,8922.20000
Hunt LLC,light,1104,2024/03/21,L3,25,21355.90000
Salazar-Harris,N,1105,03 Sep 2015,L6,60,13034.50000
Tran-Lewis,light,1106,2016/06/30,L3,18,28732.20000
"Smith, Richardson and Johnson",2,1107,"02/26/2023, 00:00:00",L1,48,10609.60000
Martinez-Smith, 1 ,1108,2021/05/15,L2,22,6151.10000
Marquez Group,H,1109,2023-10-16,L1,18,21080.60000
Green-Mitchell, med ,1110,2020-09-27,L6,21,11082.50000
Hande,normal,1111,2016/01/28,L6,8,9117.60000
Fleming Group,N,1112,"04/27/2022, 00:00:00",L1,62,16339.60000
Jäkel,L,1113,"07/23/2016, 00:00:00",L2,99,12234.10000
Meister, L ,1114,2019/12/12,L4,104,10195.20000
Rocha,light,1115,18 Feb 2015,L1,20,25176.00000
Moreira Henriques S.A.,H,1116,2021/06/01,L1,81,30045.10000
Castro Nascimento Lda.,normal,1117,"02/16/2020, 00:00:00",L4,46,7194.10000
Powell Inc,light,1118,2018-08-19,L4,21,14499.60000
Hande,3,1119,2019-04-20,L5,97,12321.00000
Barth Gute OHG mbH,N,1120,2015-12-14,L2,52,5399.80000
Horton-Huffman,light,1121,2022/11/14,L5,99,6525.50000
"Smith, Richardson and Johnson",heavy,1122,2024/09/16,L3,101,8859.60000
Hande,3,1123,"10/05/2015, 00:00:00",L1,93,15594.90000
Nette Weller Stiftung & Co. KGaA,2,1124,16 Apr 2019,L5,58,16593.60000
Gierschner GmbH & Co. OHG,H,1125,2022/04/01,L4,113,
Green-Mitchell,light,1126,07 Feb 2018,L1,9,16243.70000
Börner Klemt KG,normal,1127,12 Nov 2020,L4,67,5567.50000
Higgins Inc, normal ,1128,2024/04/24,L6,43,39320.40000
Misicher Nette GmbH & Co. KGaA, H ,1129,2024/12/13,L1,90,12668.70000
Barth Gute OHG mbH,normal,1130,17 Feb 2020,L5,40,6665.40000
Torres Melo Lda.,light,1131,2021-02-03,L2,32,22426.60000
Misicher Nette GmbH & Co. KGaA,3,1132,2020-09-13,L6,96,
Nette Weller Stiftung & Co. KGaA,1,1133,"08/19/2023, 00:00:00",L5,19,11096.70000
Hunt LLC,1,1134,"04/06/2019, 00:00:00",L4,10,32413.30000
Meister,L,1135,"11/11/2019, 00:00:00",L6,80,15401.60000
Tran-Lewis,L,1136,2024/08/10,L6,6,15023.90000
Salazar-Harris,H,1137,2016/02/17,L1,114,20907.30000
Horton-Huffman,L,1138,2021-09-10,L4,2,2703.60000
Green-Mitchell,L,1139,2017/12/26,L1,22,9280.70000
Horton-Huffman,H,1140,2018/02/16,L1,111,11736.70000
Schulz Weiß GmbH, med ,1141,2020-05-31,L3,13,14366.40000
"Clark, Jackson and Anderson",H,1142,2015/10/15,L4,64,11415.60000
Schulz Weiß GmbH,2,1143,"09/11/2021, 00:00:00",L4,1,21455.10000
Maia,1,1144,"06/27/2015, 00:00:00",L2,110,13036.00000
Tran-Lewis,H,1145,"10/19/2023, 00:00:00",L4,81,8952.60000
Pinto,3,1146,2021/06/23,L3,107,18203.60000
Ladeck,light,1147,09 Jul 2018,L1,14,11676.90000
"Smith, Richardson and Johnson",H,1148,2017-03-07,L2,100,16554.20000
Salazar-Harris,heavy,1149,2022/11/14,L4,98,11782.70000
Meister,light,1150,2023/08/31,L5,9,11177.90000
"Clark, Jackson and Anderson",3,1151,2019/08/31,L6,107,17123.80000
Salazar-Harris,H,1152,2021/12/07,L2,96,19624.20000
Castro Nascimento Lda., heavy ,1153,21 Oct 2020,L6,36,8587.20000
Wiek Dörr GbR,med,1154,2021-01-29,L2,47,8613.70000
Pinto,heavy,1155,"10/16/2016, 00:00:00",L5,100,4981.60000
Nette Weller Stiftung & Co. KGaA,H,1156,26 Feb 2016,L2,110,18100.50000
Esteves S/A,L,1157,"05/12/2020, 00:00:00",L6,20,19455.20000
Ladeck Junk KG, normal ,1158,2018-04-13,L4,73,10469.80000
Moreira Henriques S.A.,1,1159,2019/09/26,L2,11,45000.00000
Hunt LLC,2,1160,03 Feb 2021,L6,41,8908.60000
Hein Dörr GmbH,heavy,1161,2020/05/31,L5,81,29821.80000
Horton-Huffman,1,1162,"07/27/2015, 00:00:00",L3,0,21719.20000
"Clark, Jackson and Anderson",1,1163,2019/01/17,L2,93,6589.70000
Tran-Lewis,med,1164,19 Jul 2017,L2,9,4685.10000
Torres Melo Lda.,L,1165,26 Jun 2020,L2,11,7526.00000
Morales Ltd,2,1166,"03/05/2023, 00:00:00",L2,52,33927.70000
Fleming Group,light,1167,02 Dec 2019,L2,16,25066.10000
Stey Fechner GbR,H,1168,03 Apr 2016,L3,117,34484.60000
Tran-Lewis,1,1169,2020/01/16,L4,15,37610.30000
Salazar-Harris,3,1170,2015/06/06,L5,87,4356.20000
Maia,normal,1171,"06/06/2015, 00:00:00",L2,9,10647.20000
"Clark, Jackson and Anderson",2,1172,"12/25/2016, 00:00:00",L2,55,35994.50000
Striebitz AG,1,1173,2024-04-30,L6,66,24005.60000
Striebitz AG,heavy,1174,"04/07/2018, 00:00:00",L4,114,27066.10000
Green-Mitchell,med,1175,2017-01-03,L3,50,38941.80000
Esteves S/A,med,1176,2021/08/30,L3,42,14782.90000
Hamann GmbH & Co. KGaA,H,1177,2023/11/07,L1,104,42287.40000
Hamann GmbH & Co. KGaA,1,1178,2016-12-10,L2,37,18637.20000
Salazar-Harris,1,1179,2022-09-01,L5,34,12602.50000
Jäkel,heavy,1180,"11/14/2016, 00:00:00",L2,97,15481.20000
Gierschner GmbH & Co. OHG,heavy,1181,2023-11-28,L5,105,10034.70000
"Jones, Russell and Guzman",normal,1182,2017/12/06,L6,65,10792.20000
Nette Weller Stiftung & Co. KGaA,H,1183,29 May 2019,L4,119,27267.10000
Börner Klemt KG,2,1184,19 Apr 2015,L4,42,45000.00000
"Smith, Richardson and Johnson",3,1185,2024/07/14,L2,92,5909.50000
Börner Klemt KG,3,1186,2016/08/23,L2,114,
"Jones, Russell and Guzman",3,1187,"03/31/2019, 00:00:00",L3,81,13398.20000
"Clark, Jackson and Anderson",med,1188,"04/02/2024, 00:00:00",L1,45,10764.60000
Salazar-Harris,1,1189,2020/12/15,L1,1,11321.00000
Tran-Lewis,light,1190,"09/26/2019, 00:00:00",L5,15,28224.50000
"Jones, Russell and Guzman",light,1191,2019-12-13,L2,1,4921.20000
Striebitz AG,L,1192,12 Sep 2018,L6,111,24497.00000
Powell Inc,H,1193,2017/05/18,L1,97,7337.00000
Sousa S/A,1,1194,21 Jun 2018,L4,7,7992.60000
Hande,light,1195,2016/02/27,L1,91,5693.00000
Moreira Henriques S.A.,H,1196,2021-09-25,L4,20,41081.80000
"Holland, Moore and Foster",1,1197,2023-10-24,L2,31,6334.00000
Misicher Nette GmbH & Co. KGaA,heavy,1198,2015-03-13,L5,73,11330.50000
Moreira Henriques S.A.,normal,1199,2021/05/29,L5,43,24313.40000
Fleming Group,2,1200,2022/11/15,L1,113,31347.20000
Misicher Nette GmbH & Co. KGaA,L,1201,2018-02-11,L6,3,
Hunt LLC,2,1202,2019-01-04,L2,46,
Morales Ltd,normal,1203,2024-11-19,L6,100,32938.70000
"Jones, Russell and Guzman",H,1204,2017-10-07,L3,41,4758.40000
Tran-Lewis, normal ,1205,2021/06/24,L2,28,7676.80000
"Clark, Jackson and Anderson",heavy,1206,2015/10/17,L5,89,15330.00000
Striebitz AG,heavy,1207,"04/04/2015, 00:00:00",L3,114,22269.60000
Börner Klemt KG, L ,1208,2020/12/31,L2,34,9095.10000
Schulz Weiß GmbH,med,1209,23 May 2023,L6,64,30209.60000
"Clark, Jackson and Anderson",heavy,1210,"12/24/2019, 00:00:00",L2,96,10378.80000
"Jones, Russell and Guzman",normal,1211,2016-11-30,L3,64,13831.60000
Horton-Huffman,normal,1212,2017-06-12,L4,50,
Torres Melo Lda.,light,1213,09 Feb 2018,L4,15,26767.80000
Hamann GmbH & Co. KGaA,N,1214,27 Jul 2019,L5,54,5971.00000
Ladeck, L ,1215,"07/20/2024, 00:00:00",L1,33,13764.50000
Moreira Henriques S.A.,N,1216,2023-03-22,L3,19,8637.20000
Moreira Henriques S.A.,med,1217,03 Mar 2023,L6,75,
Higgins Inc,L,1218,2024/05/27,L5,2,15519.30000
Ladeck Junk KG,med,1219,2020-08-02,L1,74,3692.60000
Jäkel,heavy,1220,2017/10/18,L4,81,23273.00000
Barth Gute OHG mbH,light,1221,2022/07/25,L6,95,7240.90000
Moreira Henriques S.A.,1,1222,09 Dec 2020,L6,21,13530.10000
"Holland, Moore and Foster",1,1223,2015-04-10,L1,30,8125.00000
Misicher Nette GmbH & Co. KGaA,L,1224,"12/25/2023, 00:00:00",L1,13,11583.90000
Rocha,L,1225,2015/02/18,L5,9,13771.80000
Martinez-Smith,2,1226,11 Jun 2017,L5,60,21433.70000
Powell Inc,3,1227,2017-01-13,L2,102,16125.50000
Esteves S/A, normal ,1228,2017/03/01,L2,83,7518.70000
Wiek Dörr GbR,light,1229,15 Sep 2021,L1,39,10153.30000
Stey Fechner GbR,med,1230,2016/11/08,L3,111,45000.00000
Jones Group,2,1231,20 Nov 2024,L1,78,13896.20000
"Holland, Moore and Foster",med,1232,"08/16/2015, 00:00:00",L6,93,18227.30000
Jäkel, med ,1233,2021/05/08,L2,67,10744.90000
Schulz Weiß GmbH,med,1234,01 Sep 2015,L6,90,35049.90000
Maia, 3 ,1235,08 Jul 2020,L4,95,11860.20000
Hunt LLC,1,1236,"12/14/2017, 00:00:00",L6,14,16329.00000
Green-Mitchell,2,1237,2021-08-08,L6,45,3453.80000
Barth Gute OHG mbH,heavy,1238,"02/23/2016, 00:00:00",L1,87,6592.30000
"Holland, Moore and Foster",heavy,1239,"05/11/2022, 00:00:00",L5,102,5019.00000
Börner Klemt KG,2,1240,"11/15/2018, 00:00:00",L1,61,12657.40000
Hein Dörr GmbH,heavy,1241,2024/08/08,L3,98,25094.90000
Ladeck, light ,1242,"02/02/2019, 00:00:00",L2,0,14213.40000
Torres Melo Lda., light ,1243,30 Jan 2022,L5,32,6562.00000
"Jones, Russell and Guzman",L,1244,2022/02/20,L6,39,9354.40000
Gierschner GmbH & Co. OHG,1,1245,05 Feb 2022,L1,77,45000.00000
Gierschner GmbH & Co. OHG,3,1246,"03/16/2015, 00:00:00",L5,96,8732.20000
Hamann GmbH & Co. KGaA,med,1247,2022-12-05,L6,79,5603.60000
Martinez-Smith,heavy,1248,03 Sep 2017,L1,95,12160.70000
"Smith, Richardson and Johnson",L,1249,10 Jul 2015,L6,71,11299.40000
Jäkel,med,1250,"12/16/2018, 00:00:00",L2,50,20642.20000
Sousa S/A,N,1251,"10/31/2016, 00:00:00",L2,76,9599.30000
Stey Fechner GbR,L,1252,2018-05-04,L6,32,20217.90000
Jäkel,L,1253,2024/01/27,L1,12,8274.70000
Hande,H,1254,"10/01/2023, 00:00:00",L5,109,10769.10000
Börner Klemt KG,normal,1255,2017/02/07,L5,71,18033.60000
Tran-Lewis,2,1256,2017-10-16,L6,74,21317.20000
Torres Melo Lda.,normal,1257,2018/09/28,L2,93,23393.60000
Morales Ltd,L,1258,03 Mar 2015,L1,24,9391.30000
Jones Group, L ,1259,2023/07/25,L5,35,14957.70000
"Jones, Russell and Guzman", L ,1260,2015-01-07,L5,98,12217.40000
Ladeck Junk KG,1,1261,2019/12/06,L5,30,16280.00000
"Holland, Moore and Foster",1,1262,14 Dec 2017,L6,83,12323.90000
Martinez-Smith,normal,1263,2019-05-27,L1,52,10143.80000
Powell Inc,normal,1264,08 Dec 2024,L2,91,9867.90000
Gierschner GmbH & Co. OHG, normal ,1265,12 Apr 2022,L1,52,15968.10000
Börner Klemt KG,3,1266,2017-09-24,L3,107,12479.40000
Gierschner GmbH & Co. OHG, L ,1267,2017/03/29,L1,4,12417.00000
Maia,1,1268,21 Oct 2022,L1,84,20973.30000
Misicher Nette GmbH & Co. KGaA,L,1269,2016/11/10,L3,4,12085.20000
Stey Fechner GbR,N,1270,"07/04/2024, 00:00:00",L4,57,21923.30000
Green-Mitchell, L ,1271,2015/11/05,L1,27,23934.00000
Hunt LLC,heavy,1272,2021-03-16,L5,80,28063.30000
"Smith, Richardson and Johnson",1,1273,2018-11-29,L1,87,10295.40000
Striebitz AG,med,1274,2020-01-25,L3,55,14894.60000
Stey Fechner GbR,light,1275,18 Mar 2022,L4,28,10399.40000
Esteves S/A,light,1276,"04/18/2021, 00:00:00",L6,5,12337.40000
Barth Gute OHG mbH,1,1277,29 Mar 2024,L5,82,11045.20000
Misicher Nette GmbH & Co. KGaA,L,1278,"10/13/2021, 00:00:00",L5,32,9686.90000
Nette Weller Stiftung & Co. KGaA,light,1279,08 Jun 2024,L4,38,29648.50000
Tran-Lewis,H,1280,2016-02-20,L4,109,10301.00000
"Holland, Moore and Foster",N,1281,2020/11/02,L3,63,6786.10000
Ladeck,L,1282,"12/29/2015, 00:00:00",L3,104,9116.70000
Tran-Lewis,heavy,1283,14 May 2020,L1,83,3497.10000
Stey Fechner GbR,1,1284,"10/02/2020, 00:00:00",L5,38,17050.00000
Green-Mitchell,1,1285,15 May 2021,L3,6,14879.20000
Hamann GmbH & Co. KGaA,normal,1286,2020/01/04,L6,75,13070.40000
Castro Nascimento Lda.,H,1287,2018-12-01,L5,115,
Pinto,1,1288,"04/13/2016, 00:00:00",L5,28,13742.20000
"Holland, Moore and Foster",med,1289,2017/10/05,L5,53,23177.50000
Esteves S/A,2,1290,2018-04-12,L2,59,10168.90000
Nette Weller Stiftung & Co. KGaA,1,1291,2015/07/10,L1,6,6269.90000
Wiek Dörr GbR,med,1292,06 Feb 2024,L4,58,5212.60000
Torres Melo Lda.,2,1293,2023/03/07,L1,63,10119.70000
Fleming Group,med,1294,"06/06/2022, 00:00:00",L5,48,11856.00000
Meister,med,1295,14 Aug 2018,L2,30,10244.20000
Ladeck,L,1296,2015/11/03,L4,7,5864.80000
Marquez Group,2,1297,24 Feb 2023,L6,45,29647.60000
Green-Mitchell,normal,1298,"09/06/2019, 00:00:00",L1,73,15919.80000
Green-Mitchell,2,1299,11 Apr 2024,L4,44,11992.60000
Hein Dörr GmbH,1,1300,16 Feb 2021,L2,5,4456.60000
Schulz Weiß GmbH,N,1301,"08/05/2022, 00:00:00",L6,50,5819.70000
Maia,L,1302,2020-09-21,L6,22,9949.80000
"Clark, Jackson and Anderson",2,1303,2016-10-07,L3,52,20559.40000
Higgins Inc,H,1304,26 Jul 2017,L6,104,4180.10000
Fleming Group,1,1305,2016/03/24,L3,23,11966.30000
Castro Nascimento Lda.,light,1306,2021-05-30,L4,79,12093.80000
Ladeck Junk KG, 1 ,1307,"07/18/2016, 00:00:00",L1,16,15930.80000
"Jones, Russell and Guzman",light,1308,"07/30/2016, 00:00:00",L4,13,16531.70000
Pinto,med,1309,2020/10/26,L2,68,9516.00000
Morales Ltd,3,1310,2022/03/18,L6,100,34458.80000
Stey Fechner GbR,med,1311,10 Oct 2020,L6,53,22060.30000
Castro Nascimento Lda.,heavy,1312,2023-07-14,L5,93,13429.00000
Jones Group,3,1313,"12/06/2022, 00:00:00",L5,105,20101.20000
Morales Ltd,med,1314,2023-12-26,L2,43,32501.60000
Castro Nascimento Lda.,1,1315,2021-11-14,L1,34,4118.10000
Wiek Dörr GbR,1,1316,2019-03-17,L6,61,16215.50000
Castro Nascimento Lda.,N,1317,2021-07-14,L5,93,7306.30000
"Jones, Russell and Guzman",L,1318,24 Nov 2018,L4,84,9773.50000
Wiek Dörr GbR,L,1319,2020/11/18,L6,15,35636.10000
Horton-Huffman,1,1320,2015/09/06,L1,23,30591.40000
Hamann GmbH & Co. KGaA,H,1321,2024/06/19,L2,112,11099.00000
Jones Group,H,1322,2017-05-08,L3,103,4103.30000
Higgins Inc,L,1323,2018/04/13,L2,24,4035.90000
Tran-Lewis,H,1324,"06/30/2019, 00:00:00",L3,91,7245.60000
Stey Fechner GbR,1,1325,2020/12/01,L3,44,9402.50000
"Smith, Richardson and Johnson",med,1326,13 Aug 2023,L6,55,31352.70000
Hunt LLC,normal,1327,"11/11/2020, 00:00:00",L5,45,6139.80000
Hunt LLC,1,1328,2016/06/09,L6,8,7500.20000
Green-Mitchell,3,1329,2015/04/07,L6,119,12622.70000
Powell Inc,heavy,1330,"01/14/2019, 00:00:00",L2,88,40501.20000
Pinto,light,1331,2015-09-20,L5,2,12669.40000
Ladeck Junk KG,normal,1332,"01/29/2019, 00:00:00",L6,60,17526.80000
Striebitz AG,N,1333,"11/11/2023, 00:00:00",L3,52,27376.60000
Horton-Huffman,2,1334,2020/06/10,L5,58,41606.30000
Jones Group,heavy,1335,26 Jun 2022,L6,109,10372.50000
Morales Ltd,1,1336,2018/12/16,L3,36,
"Clark, Jackson and Anderson",heavy,1337,"08/25/2023, 00:00:00",L1,108,7175.80000
Tran-Lewis,3,1338,"08/24/2019, 00:00:00",L5,82,2038.90000
Hamann GmbH & Co. KGaA,3,1339,2023-07-06,L1,110,8373.60000
Rocha,1,1340,2020-04-14,L2,0,13739.60000
Stey Fechner GbR, normal ,1341,07 Jul 2021,L1,60,9709.70000
"Smith, Richardson and Johnson",H,1342,"07/12/2020, 00:00:00",L2,91,11226.60000
Green-Mitchell,H,1343,2022-11-03,L3,91,2389.20000
Green-Mitchell,L,1344,2019-12-02,L6,3,6612.80000
Horton-Huffman,light,1345,2015/03/20,L4,23,24880.30000
Börner Klemt KG,H,1346,2018/06/19,L2,102,13922.60000
Torres Melo Lda.,3,1347,"08/05/2017, 00:00:00",L5,115,8375.20000
Morales Ltd,1,1348,2019/12/26,L2,34,4152.70000
Ladeck Junk KG,H,1349,"11/11/2018, 00:00:00",L2,100,30653.50000
Pinto,normal,1350,2022/03/08,L3,107,4159.00000
Fleming Group, 1 ,1351,18 Jan 2021,L1,5,15894.60000
Horton-Huffman,N,1352,2015/07/17,L6,57,7992.90000
Nette Weller Stiftung & Co. KGaA,light,1353,2024-01-27,L6,38,12723.30000
Hunt LLC,L,1354,"07/28/2019, 00:00:00",L2,24,11085.10000
"Holland, Moore and Foster",med,1355,"01/06/2015, 00:00:00",L2,20,12604.70000
Hein Dörr GmbH,med,1356,2021/12/18,L5,76,5502.40000
Salazar-Harris, light ,1357,"09/26/2023, 00:00:00",L2,38,16350.10000
Tran-Lewis,1,1358,20 Oct 2023,L6,16,11868.70000
Castro Nascimento Lda.,L,1359,2017-07-31,L4,4,6585.70000
Hande,L,1360,2016/02/11,L3,9,7395.10000
Hein Dörr GmbH,H,1361,2017/07/29,L3,82,21037.40000
Rocha, 3 ,1362,2020-05-06,L3,75,7107.90000
Green-Mitchell,N,1363,2017-02-08,L4,59,28103.90000
"Clark, Jackson and Anderson",1,1364,2016/01/15,L3,14,22931.30000
Jäkel,H,1365,"10/04/2021, 00:00:00",L4,80,9555.10000
Salazar-Harris,med,1366,2021/05/31,L4,73,18199.90000
Martinez-Smith,normal,1367,2018/06/18,L6,50,15864.30000
Higgins Inc, light ,1368,2018/06/14,L3,105,11582.00000
Wiek Dörr GbR,2,1369,"06/17/2018, 00:00:00",L3,88,6025.40000
Moreira Henriques S.A.,L,1370,2023/09/29,L6,111,16085.60000
Tran-Lewis,H,1371,"02/20/2019, 00:00:00",L3,75,17815.20000
Nette Weller Stiftung & Co. KGaA,1,1372,2020-05-08,L6,1,17073.10000
Castro Nascimento Lda.,3,1373,2015-09-27,L5,106,6888.50000
Salazar-Harris, H ,1374,2016/10/05,L2,54,24514.50000
Striebitz AG,1,1375,2023-09-01,L4,17,7131.10000
Rocha,heavy,1376,2021/10/29,L6,48,18033.40000
Stey Fechner GbR,1,1377,30 Apr 2020,L3,5,5958.50000
Higgins Inc, L ,1378,2022-06-15,L1,90,33100.30000
Marquez Group, H ,1379,2016-06-05,L1,36,14390.00000
"Clark, Jackson and Anderson",light,1380,2018-05-13,L3,31,8635.00000
Castro Nascimento Lda.,heavy,1381,01 Aug 2019,L5,115,6252.70000
Esteves S/A,3,1382,2017-11-07,L6,86,5309.50000
Meister,1,1383,2023-05-21,L5,3,18834.40000
Pinto,1,1384,"02/24/2024, 00:00:00",L1,57,18069.60000
Hande,heavy,1385,19 Oct 2019,L2,116,24827.30000
Misicher Nette GmbH & Co. KGaA,1,1386,29 May 2023,L4,9,16500.20000
Hunt LLC,H,1387,"09/27/2018, 00:00:00",L2,92,16783.70000
Misicher Nette GmbH & Co. KGaA,L,1388,28 Sep 2015,L6,17,6067.50000
Higgins Inc,L,1389,23 Jun 2016,L1,1,31161.80000
Horton-Huffman, 1 ,1390,2022-07-18,L3,117,12853.10000
"Holland, Moore and Foster",normal,1391,"09/22/2018, 00:00:00",L4,42,8516.90000
Esteves S/A,med,1392,2021/06/21,L5,24,8816.80000
Martinez-Smith,med,1393,09 Jan 2024,L2,57,9250.50000
Pinto,1,1394,30 Apr 2017,L3,35,17808.30000
Ladeck Junk KG,normal,1395,2023-08-22,L6,55,11995.40000
Striebitz AG,L,1396,"12/11/2023, 00:00:00",L2,22,13084.50000
Gierschner GmbH & Co. OHG,heavy,1397,2023/02/02,L4,88,23594.80000
Hamann GmbH & Co. KGaA,H,1398,30 May 2015,L5,118,4564.90000
"Clark, Jackson and Anderson",light,1399,2024/06/17,L3,36,8423.00000
Morales Ltd, light ,1400,"08/19/2017, 00:00:00",L5,22,12268.60000
Stey Fechner GbR,heavy,1401,2015-11-02,L5,114,8404.50000
"Smith, Richardson and Johnson", 1 ,1402,2019/08/30,L2,22,
Higgins Inc,1,1403,24 May 2023,L4,25,21492.30000
Börner Klemt KG,2,1404,08 Sep 2018,L1,42,15538.60000
Morales Ltd,1,1405,07 Jun 2015,L4,38,20814.70000
Hein Dörr GmbH, N ,1406,2022/09/23,L2,52,5744.20000
"Smith, Richardson and Johnson",2,1407,"07/19/2023, 00:00:00",L4,83,15389.20000
Meister,2,1408,2017/12/22,L2,75,6898.40000
Striebitz AG, 1 ,1409,2024/07/02,L6,22,24776.70000
Hein Dörr GmbH,heavy,1410,29 May 2021,L2,98,9494.10000
Moreira Henriques S.A.,heavy,1411,"01/24/2023, 00:00:00",L4,100,12026.90000
Salazar-Harris,H,1412,"02/08/2021, 00:00:00",L4,94,34148.70000
"Jones, Russell and Guzman",med,1413,"01/18/2019, 00:00:00",L5,52,11288.80000
Torres Melo Lda.,heavy,1414,"11/26/2018, 00:00:00",L1,37,8459.20000
"Smith, Richardson and Johnson",1,1415,2022/04/26,L3,7,25617.00000
Torres Melo Lda.,N,1416,2016/08/21,L4,70,8368.10000
Higgins Inc, L ,1417,"03/31/2017, 00:00:00",L1,36,45000.00000
Striebitz AG,3,1418,2022/11/26,L4,50,16536.50000
Marquez Group,H,1419,2017/04/12,L3,108,13278.00000
Marquez Group,med,1420,02 Jul 2017,L2,74,18132.70000
Sousa S/A,heavy,1421,"06/01/2015, 00:00:00",L6,82,8464.70000
Rocha, H ,1422,22 Sep 2021,L1,30,7829.90000
Hamann GmbH & Co. KGaA,L,1423,"12/12/2019, 00:00:00",L6,38,6561.50000
Jäkel,med,1424,2017/02/09,L3,75,28188.70000
Gierschner GmbH & Co. OHG,1,1425,2020/04/23,L6,76,8433.70000
Wiek Dörr GbR,L,1426,2019/08/02,L6,27,13270.50000
Wiek Dörr GbR,1,1427,20 Mar 2024,L6,30,11036.10000
Misicher Nette GmbH & Co. KGaA,3,1428,2016-08-24,L1,94,19356.70000
Higgins Inc,N,1429,20 Oct 2023,L2,56,9759.70000
Nette Weller Stiftung & Co. KGaA,H,1430,29 Jul 2016,L3,112,17516.30000
Martinez-Smith,light,1431,2018/06/19,L4,15,5568.20000
Gierschner GmbH & Co. OHG,L,1432,2015-09-29,L4,65,3316.60000
Hamann GmbH & Co. KGaA, 1 ,1433,"01/23/2021, 00:00:00",L1,7,
Ladeck,H,1434,2015-12-17,L6,98,9323.80000
Wiek Dörr GbR,light,1435,"10/07/2022, 00:00:00",L6,91,11584.20000
"Holland, Moore and Foster",H,1436,2018-12-19,L1,12,21607.80000
Jones Group,heavy,1437,2023/08/16,L2,92,15067.60000
Maia,H,1438,2018/01/05,L3,91,36873.10000
Torres Melo Lda.,L,1439,13 Mar 2019,L6,92,9978.70000
Schulz Weiß GmbH, 3 ,1440,2020-04-16,L3,40,3839.60000
"Holland, Moore and Foster",med,1441,2023/03/16,L5,43,9517.40000
Torres Melo Lda.,2,1442,2021-02-01,L5,50,12673.60000
Stey Fechner GbR,3,1443,"06/30/2017, 00:00:00",L3,80,6634.80000
Hamann GmbH & Co. KGaA,2,1444,2018/10/11,L6,79,11448.30000
Hein Dörr GmbH,light,1445,2023/09/20,L3,15,6910.80000
Fleming Group, heavy ,1446,2020-09-24,L1,98,7650.80000
Schulz Weiß GmbH,H,1447,2021-08-01,L4,93,3076.00000
Schulz Weiß GmbH,2,1448,2022/05/16,L3,68,18768.20000
Sousa S/A,L,1449,2023-12-09,L6,32,15207.20000
Morales Ltd,1,1450,"03/11/2024, 00:00:00",L6,88,7580.50000
Horton-Huffman,3,1451,20 Aug 2015,L5,103,8060.40000
Jones Group,H,1452,2016/09/23,L1,95,18557.70000
Misicher Nette GmbH & Co. KGaA,heavy,1453,2019-04-25,L6,113,
Torres Melo Lda.,normal,1454,2017-05-18,L5,52,7642.00000
Jäkel,normal,1455,2021-04-20,L6,52,17671.10000
Castro Nascimento Lda.,heavy,1456,2023-02-28,L3,109,14152.80000
"Smith, Richardson and Johnson",heavy,1457,2019-08-07,L2,119,9003.30000
Rocha, 1 ,1458,"12/18/2022, 00:00:00",L6,5,16024.60000
Jones Group,1,1459,15 Nov 2020,L3,28,24463.10000
Jäkel,1,1460,09 Sep 2022,L5,16,7167.20000
Marquez Group,med,1461,12 Aug 2024,L6,47,8797.50000
Jäkel,med,1462,"05/08/2021, 00:00:00",L3,48,6609.30000
Moreira Henriques S.A.,heavy,1463,2017/09/30,L2,84,9795.50000
Green-Mitchell,med,1464,2018/08/14,L2,114,24368.60000
Sousa S/A,light,1465,"05/05/2017, 00:00:00",L4,5,26460.80000
Maia,2,1466,16 Jul 2015,L6,50,15211.70000
Nette Weller Stiftung & Co. KGaA,med,1467,2017/03/13,L2,67,32293.80000
Higgins Inc,L,1468,2021-04-14,L4,11,13446.00000
Jäkel, L ,1469,2021/12/28,L2,10,7699.60000
Morales Ltd, 1 ,1470,01 May 2023,L4,91,11045.10000
Sousa S/A,1,1471,"05/27/2022, 00:00:00",L1,27,40355.50000
Hein Dörr GmbH,med,1472,17 Jan 2018,L2,72,1497.40000
Nette Weller Stiftung & Co. KGaA,2,1473,"11/22/2019, 00:00:00",L5,7,21394.30000
Stey Fechner GbR,3,1474,2022/06/26,L4,103,7367.60000
Fleming Group,L,1475,2020-04-01,L5,15,10416.80000
Ladeck, 2 ,1476,08 Sep 2015,L5,94,20021.00000
Hamann GmbH & Co. KGaA,med,1477,"10/22/2015, 00:00:00",L3,63,11110.40000
Börner Klemt KG,H,1478,2015/09/07,L3,87,15285.60000
Hande,3,1479,"02/19/2022, 00:00:00",L1,115,30280.60000
Torres Melo Lda.,normal,1480,"12/06/2017, 00:00:00",L6,41,18954.70000
Maia,med,1481,04 Jan 2017,L4,43,5526.80000
Barth Gute OHG mbH,N,1482,"10/22/2018, 00:00:00",L3,71,5615.30000
Misicher Nette GmbH & Co. KGaA,heavy,1483,"08/17/2024, 00:00:00",L2,93,19214.00000
Moreira Henriques S.A.,N,1484,2022-05-10,L3,84,
Castro Nascimento Lda., heavy ,1485,02 Sep 2020,L1,79,30314.20000
"Smith, Richardson and Johnson",3,1486,2022/11/28,L3,104,11517.90000
Wiek Dörr GbR,N,1487,2021-09-04,L6,73,14257.20000
Fleming Group,med,1488,2024-06-02,L6,65,14136.80000
Torres Melo Lda.,2,1489,"11/03/2016, 00:00:00",L5,54,6535.10000
Wiek Dörr GbR,heavy,1490,04 Aug 2018,L6,2,13674.30000
Morales Ltd,light,1491,2015-10-08,L1,15,18793.80000
Stey Fechner GbR,L,1492,31 Mar 2021,L1,38,16145.70000
Marquez Group,1,1493,01 Aug 2024,L5,3,16827.30000
Martinez-Smith,3,1494,"02/25/2017, 00:00:00",L5,100,33129.60000
Torres Melo Lda.,med,1495,31 Aug 2023,L4,50,3203.20000
Horton-Huffman, 1 ,1496,"01/24/2016, 00:00:00",L6,36,13143.70000
Börner Klemt KG,med,1497,2019-09-01,L3,44,17692.20000
Sousa S/A,light,1498,08 May 2019,L1,44,3182.50000
Ladeck Junk KG,3,1499,2016-11-15,L2,105,38773.60000
Maia,L,1500,"01/08/2018, 00:00:00",L1,30,11810.80000
Sousa S/A,L,1501,2017/09/14,L4,7,6597.70000
Striebitz AG,normal,1502,2019-10-12,L3,112,11123.50000
Nette Weller Stiftung & Co. KGaA,normal,1503,2016-10-08,L1,79,20144.80000
Börner Klemt KG,3,1504,"01/12/2024, 00:00:00",L5,99,13417.10000
Striebitz AG,light,1505,26 Apr 2017,L5,1,14059.30000
Marquez Group,1,1506,16 Feb 2020,L3,113,7144.70000
Jones Group,2,1507,"03/06/2019, 00:00:00",L5,61,6775.40000
"Jones, Russell and Guzman",med,1508,2015/10/11,L1,46,20883.80000
Schulz Weiß GmbH,3,1509,"11/28/2019, 00:00:00",L3,93,10656.10000
Hamann GmbH & Co. KGaA,light,1510,26 Dec 2016,L4,33,17881.30000
Nette Weller Stiftung & Co. KGaA, 3 ,1511,2019/06/20,L6,117,10351.00000
Moreira Henriques S.A.,3,1512,2021/12/19,L6,46,8844.50000
Schulz Weiß GmbH,2,1513,06 Dec 2019,L4,75,10422.00000
Barth Gute OHG mbH,normal,1514,01 Feb 2022,L6,60,12260.60000
Marquez Group, 1 ,1515,2024-05-26,L4,1,18787.50000
Meister,N,1516,01 Sep 2018,L1,75,28453.00000
Ladeck, L ,1517,2016/03/07,L2,3,23112.70000
Jones Group,3,1518,2018-09-05,L4,48,9207.00000
Horton-Huffman,L,1519,2015-06-15,L6,3,10078.70000
Tran-Lewis,2,1520,2020/03/06,L2,49,23771.40000
Misicher Nette GmbH & Co. KGaA,N,1521,"01/11/2022, 00:00:00",L3,91,14163.60000
Ladeck Junk KG,2,1522,09 Jun 2023,L5,28,18443.60000
Torres Melo Lda.,H,1523,14 May 2019,L3,115,38821.70000
Martinez-Smith,L,1524,2024-04-08,L3,36,10568.90000
Torres Melo Lda.,heavy,1525,2023/11/03,L5,89,12790.80000
Moreira Henriques S.A.,L,1526,2022/10/03,L1,21,11811.90000
Nette Weller Stiftung & Co. KGaA,1,1527,14 Dec 2020,L3,22,19695.80000
"Clark, Jackson and Anderson",3,1528,"09/10/2020, 00:00:00",L1,108,13822.40000
Meister,med,1529,"01/03/2015, 00:00:00",L6,44,32591.40000
Tran-Lewis,H,1530,"11/22/2020, 00:00:00",L2,85,8449.00000
Striebitz AG, N ,1531,2015-09-22,L6,44,14007.50000
Morales Ltd,3,1532,"01/27/2020, 00:00:00",L2,5,12449.90000
Nette Weller Stiftung & Co. KGaA,L,1533,2017-11-13,L3,11,17171.50000
Maia,med,1534,06 Mar 2022,L2,46,23847.50000
Esteves S/A,L,1535,"06/20/2017, 00:00:00",L6,28,24100.40000
Horton-Huffman,light,1536,2020/02/11,L6,31,7265.80000
"Holland, Moore and Foster",2,1537,24 Jan 2022,L4,62,10571.80000
Wiek Dörr GbR,heavy,1538,21 Oct 2023,L2,109,24179.30000
Nette Weller Stiftung & Co. KGaA,L,1539,2016/06/06,L5,13,13428.20000
Sousa S/A,normal,1540,24 Nov 2019,L5,47,27694.50000
Maia,H,1541,2016/07/26,L2,105,14940.40000
Fleming Group,heavy,1542,"08/05/2022, 00:00:00",L5,105,3749.30000
Pinto,L,1543,2019/12/31,L6,36,9276.00000
Morales Ltd,H,1544,"09/27/2021, 00:00:00",L1,63,5166.60000
Stey Fechner GbR,heavy,1545,2022-11-23,L2,82,
Meister,light,1546,"08/13/2020, 00:00:00",L6,39,13147.00000
Powell Inc,L,1547,2019/12/19,L1,16,39519.60000
Jäkel,N,1548,"08/16/2020, 00:00:00",L4,45,7117.40000
Salazar-Harris,2,1549,2018/01/27,L5,72,7690.80000
"Clark, Jackson and Anderson",light,1550,10 Mar 2024,L5,33,34453.40000
Green-Mitchell, 3 ,1551,2020-09-25,L3,91,44659.00000
Salazar-Harris,2,1552,2023/03/20,L1,108,20210.90000
Ladeck,light,1553,2018-07-17,L1,60,10535.20000
Gierschner GmbH & Co. OHG,light,1554,"06/10/2018, 00:00:00",L6,4,15983.40000
Morales Ltd,heavy,1555,2016-10-04,L1,119,18420.60000
Martinez-Smith,1,1556,22 May 2015,L2,12,8299.10000
Stey Fechner GbR,2,1557,2019/01/20,L5,92,12225.70000
Tran-Lewis,L,1558,16 Aug 2015,L4,83,7602.10000
Sousa S/A,L,1559,2020/10/12,L3,12,11345.30000
Pinto,N,1560,2015-11-26,L2,48,21029.30000
"Clark, Jackson and Anderson",light,1561,"06/19/2022, 00:00:00",L1,41,18951.10000
Pinto,L,1562,"03/11/2023, 00:00:00",L2,14,10396.50000
Tran-Lewis,3,1563,"09/18/2023, 00:00:00",L1,57,13274.40000
Meister,normal,1564,2024-06-04,L6,99,45000.00000
Moreira Henriques S.A.,H,1565,"04/10/2019, 00:00:00",L4,101,2892.50000
Jones Group,2,1566,2021-09-23,L3,47,3900.30000
Fleming Group,med,1567,"05/21/2017, 00:00:00",L6,117,
Hein Dörr GmbH,med,1568,2024/04/15,L1,88,21089.10000
Marquez Group,H,1569,30 Nov 2018,L2,89,12455.30000
Esteves S/A, L ,1570,2017/04/27,L4,21,8661.30000
Sousa S/A,2,1571,07 Nov 2021,L5,70,10558.50000
Moreira Henriques S.A.,3,1572,2017-06-28,L6,86,7927.80000
Salazar-Harris,light,1573,16 Jun 2018,L4,3,5280.70000
Hunt LLC,light,1574,"12/07/2022, 00:00:00",L3,39,15424.20000
Stey Fechner GbR,L,1575,26 May 2023,L4,14,15300.10000
Stey Fechner GbR,L,1576,2019-03-14,L5,20,7655.40000
Martinez-Smith,heavy,1577,"10/17/2024, 00:00:00",L5,98,23947.50000
"Clark, Jackson and Anderson",heavy,1578,2020/09/19,L1,96,
Jäkel,light,1579,2022/12/28,L6,20,12911.80000
"Clark, Jackson and Anderson",N,1580,18 Feb 2016,L6,49,4347.60000
Hande,normal,1581,2021/10/19,L2,68,42372.80000
Jones Group,H,1582,2024-03-26,L1,53,33325.90000
Green-Mitchell,N,1583,"11/30/2022, 00:00:00",L5,72,
Salazar-Harris,L,1584,2024/10/03,L3,28,27160.20000
Powell Inc,N,1585,11 Sep 2020,L6,45,6072.60000
Morales Ltd,normal,1586,2021/09/25,L5,34,8225.70000
Sousa S/A,L,1587,"12/20/2023, 00:00:00",L5,86,19411.10000
Gierschner GmbH & Co. OHG,3,1588,2016-01-12,L2,115,13721.30000
Stey Fechner GbR, H ,1589,"05/11/2020, 00:00:00",L5,84,12945.70000
"Holland, Moore and Foster",1,1590,2015/07/25,L1,10,6108.10000
Hande,H,1591,08 Jul 2015,L1,103,23600.80000
Esteves S/A,N,1592,2024/06/17,L1,17,24928.50000
Jones Group,med,1593,"07/27/2021, 00:00:00",L4,93,
Powell Inc,N,1594,06 Jul 2023,L3,44,
Schulz Weiß GmbH,H,1595,18 Jan 2023,L5,103,4620.50000
Pinto,L,1596,2017-03-08,L5,38,
Barth Gute OHG mbH,normal,1597,"05/04/2017, 00:00:00",L6,74,11773.20000
Barth Gute OHG mbH,med,1598,2021/10/21,L4,54,
Börner Klemt KG,2,1599,2018-11-19,L4,76,21933.20000
Tran-Lewis,1,1600,26 Mar 2016,L5,67,5360.00000
Tran-Lewis,L,1601,2018/03/11,L1,23,21353.40000
Barth Gute OHG mbH,heavy,1602,"02/10/2020, 00:00:00",L1,107,7586.50000
Maia,3,1603,2018/11/24,L1,110,10310.90000
Horton-Huffman,3,1604,"11/10/2021, 00:00:00",L6,62,4154.90000
"Clark, Jackson and Anderson",light,1605,2017-05-22,L2,49,5488.00000
Horton-Huffman,L,1606,2022-07-20,L1,103,16510.50000
Castro Nascimento Lda.,L,1607,2018/11/08,L1,22,12749.10000
Powell Inc, N ,1608,"01/23/2022, 00:00:00",L5,54,14447.50000
"Holland, Moore and Foster",1,1609,2024/01/07,L5,28,7942.70000
Schulz Weiß GmbH,3,1610,2024-12-23,L2,9,9192.80000
"Clark, Jackson and Anderson",3,1611,28 Mar 2017,L2,76,13699.90000
Hande,H,1612,2019-10-09,L3,25,17191.60000
Gierschner GmbH & Co. OHG,L,1613,2020/06/07,L1,27,6657.60000
Morales Ltd,3,1614,"09/28/2016, 00:00:00",L4,107,7836.80000
Stey Fechner GbR,heavy,1615,05 Nov 2021,L3,17,29476.30000
Stey Fechner GbR,heavy,1616,01 Sep 2020,L3,109,12633.20000
Wiek Dörr GbR,N,1617,2018/08/09,L3,68,33666.50000
Pinto,3,1618,18 Jul 2016,L2,119,30046.80000
Gierschner GmbH & Co. OHG,H,1619,30 Mar 2021,L4,116,18598.50000
Schulz Weiß GmbH,3,1620,13 Sep 2023,L6,107,20227.00000
Higgins Inc,L,1621,2016/05/24,L5,20,7576.80000
Torres Melo Lda.,N,1622,06 Oct 2015,L1,42,14714.20000
Schulz Weiß GmbH,L,1623,2021/11/14,L4,35,
Barth Gute OHG mbH,2,1624,03 May 2022,L4,43,22075.50000
Powell Inc,N,1625,"05/21/2018, 00:00:00",L1,76,11061.10000
Torres Melo Lda.,L,1626,"04/09/2020, 00:00:00",L3,30,19062.90000
Börner Klemt KG,light,1627,10 Aug 2023,L1,17,39642.60000
Green-Mitchell,L,1628,2022/05/17,L1,17,14922.20000
Tran-Lewis,H,1629,2018/07/25,L6,102,11532.80000
Ladeck,normal,1630,2024-10-22,L4,72,13857.90000
Castro Nascimento Lda.,H,1631,"10/31/2021, 00:00:00",L3,87,6138.80000
Horton-Huffman,1,1632,"04/30/2017, 00:00:00",L6,18,
Meister,light,1633,2018/12/11,L1,23,24454.40000
Ladeck, 3 ,1634,2019/11/05,L6,12,22717.80000
Martinez-Smith,L,1635,"03/19/2021, 00:00:00",L2,60,19451.30000
Green-Mitchell,normal,1636,"04/18/2021, 00:00:00",L2,40,13269.40000
Rocha,H,1637,01 May 2017,L3,93,35060.90000
Barth Gute OHG mbH,light,1638,2020-03-20,L2,18,20286.60000
Striebitz AG,normal,1639,08 Feb 2022,L3,77,8180.50000
Stey Fechner GbR,med,1640,25 Jun 2015,L3,63,23546.50000
Sousa S/A,1,1641,"02/12/2019, 00:00:00",L1,14,12328.10000
Maia,light,1642,2017/03/08,L2,50,6232.90000
Misicher Nette GmbH & Co. KGaA, heavy ,1643,24 Oct 2015,L3,118,8588.00000
Horton-Huffman,3,1644,2019-09-28,L6,89,7658.10000
Jäkel,1,1645,2023-07-30,L5,116,5073.90000
Jäkel,L,1646,"03/21/2018, 00:00:00",L6,2,16911.70000
"Smith, Richardson and Johnson",N,1647,12 Mar 2022,L2,35,16126.80000
Maia,L,1648,"08/29/2015, 00:00:00",L2,22,9761.60000
Pinto,2,1649,"09/13/2018, 00:00:00",L2,16,13983.10000
"Clark, Jackson and Anderson",1,1650,"05/24/2017, 00:00:00",L3,15,13253.90000
Ladeck,L,1651,2024/03/08,L4,37,11568.00000
Moreira Henriques S.A.,normal,1652,2016/06/16,L5,11,24688.80000
"Smith, Richardson and Johnson",heavy,1653,2016/01/18,L6,104,10564.70000
Ladeck Junk KG,3,1654,"10/06/2020, 00:00:00",L2,108,7322.10000
Moreira Henriques S.A.,H,1655,09 Nov 2021,L6,27,14535.20000
Ladeck,normal,1656,"03/17/2015, 00:00:00",L6,61,8488.60000
"Clark, Jackson and Anderson",3,1657,17 Nov 2018,L2,69,14399.30000
Ladeck,light,1658,2024-05-17,L4,10,8288.40000
Jäkel,2,1659,2019/09/23,L4,12,3615.10000
"Clark, Jackson and Anderson",3,1660,"07/13/2024, 00:00:00",L2,90,10628.80000
Börner Klemt KG,light,1661,2024-12-11,L2,57,11399.40000
Horton-Huffman,normal,1662,23 May 2023,L4,89,10512.60000
Tran-Lewis,3,1663,13 Feb 2021,L2,100,24183.10000
Hamann GmbH & Co. KGaA,med,1664,"09/19/2015, 00:00:00",L4,51,4758.00000
"Smith, Richardson and Johnson",normal,1665,2016-03-08,L3,51,22332.50000
Marquez Group,2,1666,2020-12-16,L2,70,7286.60000
"Holland, Moore and Foster",H,1667,2021-11-18,L3,72,9946.30000
Jäkel,L,1668,"06/11/2021, 00:00:00",L2,35,11648.50000
Barth Gute OHG mbH, N ,1669,"08/10/2018, 00:00:00",L5,33,19949.10000
Marquez Group,heavy,1670,07 Jan 2022,L3,90,40434.00000
Meister,1,1671,02 May 2015,L5,27,6382.80000
Marquez Group, heavy ,1672,31 Jul 2023,L5,112,7805.50000
Moreira Henriques S.A.,H,1673,13 Jun 2015,L6,114,13929.20000
Powell Inc, N ,1674,09 Dec 2015,L5,38,15023.80000
Misicher Nette GmbH & Co. KGaA, N ,1675,08 Jul 2022,L2,13,6271.10000
Hunt LLC,L,1676,"11/17/2023, 00:00:00",L6,2,7464.20000
Schulz Weiß GmbH, N ,1677,2016-12-01,L5,57,7403.90000
Salazar-Harris,heavy,1678,2016/05/12,L6,100,7472.50000
Horton-Huffman,light,1679,2022/11/22,L6,19,9705.00000
Horton-Huffman,med,1680,2021-09-05,L2,70,31281.90000
Stey Fechner GbR,1,1681,2016/12/01,L3,38,13055.50000
Ladeck Junk KG,N,1682,24 Apr 2015,L4,46,9611.60000
Esteves S/A,1,1683,"03/15/2023, 00:00:00",L3,57,21572.10000
Hamann GmbH & Co. KGaA,L,1684,17 Jun 2022,L6,5,6088.70000
Misicher Nette GmbH & Co. KGaA,L,1685,"08/28/2023, 00:00:00",L5,11,11730.40000
Morales Ltd,L,1686,2020-09-25,L3,24,28394.30000
"Smith, Richardson and Johnson",heavy,1687,"03/12/2018, 00:00:00",L3,115,6828.60000
Moreira Henriques S.A., L ,1688,2017-04-22,L5,11,8622.80000
Powell Inc, heavy ,1689,2017/03/02,L2,103,19573.10000
Stey Fechner GbR,2,1690,"03/06/2018, 00:00:00",L4,15,7174.10000
Pinto,normal,1691,"09/04/2020, 00:00:00",L6,60,20722.70000
Hein Dörr GmbH,light,1692,2017/09/15,L1,86,9121.70000
Hein Dörr GmbH,med,1693,"09/13/2021, 00:00:00",L1,77,27405.80000
Rocha,1,1694,"12/31/2015, 00:00:00",L1,107,29107.50000
Schulz Weiß GmbH,light,1695,2018-06-24,L4,9,12595.40000
Börner Klemt KG,3,1696,"11/15/2021, 00:00:00",L2,51,7318.00000
Gierschner GmbH & Co. OHG,L,1697,2015-07-01,L3,70,14088.30000
Salazar-Harris,light,1698,"07/17/2020, 00:00:00",L5,7,12295.00000
"Holland, Moore and Foster",1,1699,2024-08-20,L3,6,9669.30000
Morales Ltd,N,1700,"12/29/2023, 00:00:00",L3,57,14724.60000
Fleming Group,3,1701,2016/08/01,L4,110,11357.30000
Fleming Group,H,1702,2017/09/05,L4,94,24652.70000
Gierschner GmbH & Co. OHG,N,1703,2022/06/05,L4,76,11267.80000
Wiek Dörr GbR,L,1704,2024-01-27,L1,101,19703.50000
Tran-Lewis,L,1705,2016/10/15,L4,33,22575.20000
"Clark, Jackson and Anderson",H,1706,2017-07-28,L2,114,
Tran-Lewis,light,1707,2021/05/02,L5,35,11620.80000
Powell Inc,1,1708,2015/07/25,L3,33,9294.30000
Hande,med,1709,2017/11/04,L3,34,14551.30000
Gierschner GmbH & Co. OHG,N,1710,04 Dec 2015,L3,59,8066.50000
"Holland, Moore and Foster",L,1711,"08/28/2015, 00:00:00",L6,35,4886.00000
Meister,light,1712,2021/07/21,L4,22,18381.00000
Marquez Group,L,1713,2024/08/05,L2,21,12317.30000
Moreira Henriques S.A.,normal,1714,2018/04/16,L3,67,21692.40000
Ladeck Junk KG,1,1715,"11/29/2020, 00:00:00",L3,28,8986.80000
Misicher Nette GmbH & Co. KGaA,1,1716,2022/05/20,L6,46,15124.20000
Torres Melo Lda.,3,1717,16 Sep 2017,L3,105,17033.70000
Maia,L,1718,2022/04/09,L4,50,21827.30000
Hunt LLC,L,1719,"05/11/2018, 00:00:00",L2,13,4888.90000
Green-Mitchell,1,1720,"10/03/2019, 00:00:00",L4,17,12168.80000
Morales Ltd,N,1721,2019/10/29,L5,90,12544.30000
Esteves S/A,light,1722,2015-11-17,L5,11,17652.50000
Fleming Group,normal,1723,2016/10/16,L3,51,10586.00000
Sousa S/A,light,1724,"01/24/2022, 00:00:00",L2,77,17831.00000
Meister,L,1725,2020/06/09,L4,31,12564.80000
Esteves S/A,H,1726,2015-09-09,L3,109,4816.90000
Ladeck,heavy,1727,2015-04-19,L2,86,19168.60000
"Smith, Richardson and Johnson",light,1728,"04/04/2017, 00:00:00",L1,26,13878.00000
Higgins Inc,light,1729,2017/09/15,L5,24,12952.70000
Tran-Lewis,1,1730,2016/08/19,L6,14,9295.60000
"Smith, Richardson and Johnson",1,1731,2020-07-25,L4,33,16430.60000
Higgins Inc,N,1732,23 Jul 2020,L4,42,10372.30000
"Smith, Richardson and Johnson",2,1733,"02/14/2016, 00:00:00",L3,73,2951.40000
Ladeck,2,1734,2024/09/21,L1,72,19373.80000
Higgins Inc,1,1735,28 Feb 2021,L2,0,19730.80000
Martinez-Smith, light ,1736,07 Jun 2024,L5,6,16079.70000
Martinez-Smith,H,1737,"05/25/2019, 00:00:00",L1,108,7063.00000
"Smith, Richardson and Johnson",light,1738,2024-08-21,L1,101,9695.80000
Stey Fechner GbR, light ,1739,17 Feb 2022,L5,36,12010.80000
"Clark, Jackson and Anderson",med,1740,29 Apr 2022,L3,58,5100.20000
Hein Dörr GmbH,heavy,1741,2022-09-06,L1,118,7324.90000
Pinto, normal ,1742,2020/08/30,L1,57,
Powell Inc, med ,1743,2019/06/24,L1,57,2704.30000
Misicher Nette GmbH & Co. KGaA,H,1744,2018-02-19,L6,99,11810.60000
Martinez-Smith,1,1745,"02/03/2023, 00:00:00",L3,18,8328.60000
Wiek Dörr GbR,H,1746,2019/02/12,L6,116,9513.00000
"Smith, Richardson and Johnson",normal,1747,03 Aug 2018,L5,43,7447.30000
Marquez Group,L,1748,2015/08/08,L4,12,15614.50000
Morales Ltd,heavy,1749,2023/02/24,L6,118,14224.90000
Sousa S/A,3,1750,09 Dec 2016,L6,63,27860.40000
Jones Group,L,1751,2017/11/12,L1,24,45000.00000
Salazar-Harris,heavy,1752,12 Oct 2019,L4,90,22279.10000
Börner Klemt KG,light,1753,2022-03-12,L6,35,5083.70000
Barth Gute OHG mbH,med,1754,2017-03-03,L3,56,10784.90000
Ladeck Junk KG,normal,1755,2016/12/19,L1,41,21325.20000
Maia,normal,1756,2015/03/11,L1,58,15750.00000
Rocha,L,1757,"04/08/2020, 00:00:00",L3,58,10785.00000
Green-Mitchell,heavy,1758,2020-05-15,L3,55,7570.00000
Ladeck Junk KG, 2 ,1759,2018-03-21,L5,94,7824.80000
Green-Mitchell,N,1760,26 Sep 2018,L2,76,9816.40000
Pinto,2,1761,03 May 2019,L3,72,13859.30000
Börner Klemt KG,heavy,1762,"04/07/2022, 00:00:00",L6,105,17084.50000
Fleming Group,L,1763,"08/23/2021, 00:00:00",L1,33,11198.50000
Horton-Huffman,2,1764,2016/03/11,L1,76,12391.10000
Misicher Nette GmbH & Co. KGaA,normal,1765,29 Feb 2020,L6,71,11808.90000
Castro Nascimento Lda.,L,1766,"06/23/2020, 00:00:00",L2,28,14147.00000
Ladeck Junk KG,light,1767,2024/01/12,L2,20,13021.90000
Hande,light,1768,2023-02-28,L4,20,7280.40000
Wiek Dörr GbR,2,1769,2021/08/08,L4,30,
Hande,N,1770,03 Mar 2015,L4,54,13342.90000
"Jones, Russell and Guzman",2,1771,12 Sep 2018,L3,62,12765.70000
"Clark, Jackson and Anderson",3,1772,"10/07/2024, 00:00:00",L5,119,16420.00000
"Clark, Jackson and Anderson",2,1773,2015-12-28,L5,50,10296.30000
Esteves S/A,normal,1774,2021-09-27,L1,78,14084.50000
"Clark, Jackson and Anderson",N,1775,2016/05/30,L4,66,3128.00000
Gierschner GmbH & Co. OHG, 2 ,1776,2019-08-20,L2,67,24026.20000
Hamann GmbH & Co. KGaA,light,1777,2019/03/11,L4,20,12712.50000
Powell Inc,3,1778,"10/26/2017, 00:00:00",L2,86,7427.70000
Tran-Lewis,3,1779,2017-10-12,L1,50,6006.40000
Maia,L,1780,13 Jul 2021,L1,22,16052.40000
Schulz Weiß GmbH,L,1781,02 Mar 2021,L4,16,
Esteves S/A,normal,1782,2024-11-11,L5,59,7252.10000
Hamann GmbH & Co. KGaA,med,1783,30 May 2019,L1,4,2181.70000
"Holland, Moore and Foster",1,1784,"01/01/2024, 00:00:00",L5,3,19615.90000
Esteves S/A,heavy,1785,2017/06/23,L4,105,10388.70000
Maia,2,1786,2023-10-23,L2,64,10787.70000
Morales Ltd,heavy,1787,03 Jul 2016,L3,70,
Pinto,1,1788,14 Mar 2019,L2,6,14769.70000
Meister,H,1789,"04/17/2017, 00:00:00",L6,1,18610.80000
Meister,N,1790,2015-10-20,L1,53,2878.10000
Barth Gute OHG mbH,H,1791,2024/11/17,L5,41,14195.90000
Pinto,light,1792,2019-12-04,L2,23,21965.20000
Fleming Group,3,1793,2015-09-29,L3,106,18123.50000
Tran-Lewis,med,1794,"04/27/2020, 00:00:00",L5,45,17200.80000
"Jones, Russell and Guzman",light,1795,"09/30/2020, 00:00:00",L1,16,12170.70000
Hunt LLC,N,1796,2017-03-26,L1,63,33523.70000
Wiek Dörr GbR,2,1797,2021-02-24,L1,43,14356.30000
Börner Klemt KG,1,1798,"09/15/2016, 00:00:00",L4,9,9540.80000
"Holland, Moore and Foster",H,1799,"02/05/2017, 00:00:00",L5,16,3447.90000
Powell Inc,normal,1800,"01/16/2022, 00:00:00",L6,41,15633.30000
Hande,H,1801,2015/01/02,L5,106,17702.30000
Ladeck Junk KG,1,1802,2022/12/28,L6,23,5294.50000
Jones Group,H,1803,"06/01/2015, 00:00:00",L5,111,32503.90000
Gierschner GmbH & Co. OHG,light,1804,06 Aug 2017,L2,33,30021.20000
Morales Ltd,1,1805,2019/10/10,L6,14,15579.80000
Higgins Inc,normal,1806,01 Aug 2018,L4,59,7621.30000
Jones Group,N,1807,2019-02-21,L4,47,38935.30000
Martinez-Smith,3,1808,2018/02/05,L4,81,10651.60000
Ladeck Junk KG, L ,1809,"01/16/2016, 00:00:00",L4,73,15183.60000
Börner Klemt KG,normal,1810,2018/07/08,L5,77,11771.10000
Esteves S/A, N ,1811,2016/02/06,L2,64,4855.20000
Morales Ltd,H,1812,"09/04/2021, 00:00:00",L6,82,9558.10000
Börner Klemt KG,N,1813,2023-10-19,L6,1,11797.30000
Ladeck Junk KG, light ,1814,"03/05/2015, 00:00:00",L5,27,6639.70000
Hein Dörr GmbH,L,1815,"05/21/2019, 00:00:00",L4,60,4957.90000
Maia, 1 ,1816,2022-05-08,L2,0,45000.00000
Moreira Henriques S.A.,2,1817,2020-07-02,L2,64,23496.30000
"Clark, Jackson and Anderson", light ,1818,2015/11/27,L5,17,6837.00000
Rocha,1,1819,03 Feb 2024,L3,39,16834.60000
Hamann GmbH & Co. KGaA,1,1820,2022-03-02,L3,12,8324.70000
Hande,N,1821,2023-06-29,L4,27,8619.10000
Stey Fechner GbR,1,1822,2022-05-16,L1,37,9716.50000
Higgins Inc,L,1823,2018-05-18,L6,2,26349.10000
Castro Nascimento Lda.,L,1824,2018/11/15,L5,21,10443.90000
Moreira Henriques S.A.,3,1825,04 Sep 2019,L6,91,8231.10000
Fleming Group,L,1826,"08/20/2024, 00:00:00",L5,33,9258.80000
Powell Inc,L,1827,"05/23/2021, 00:00:00",L4,14,7559.60000
Moreira Henriques S.A.,1,1828,15 May 2019,L6,31,35953.90000
Martinez-Smith,med,1829,2021-12-27,L3,42,
"Clark, Jackson and Anderson",H,1830,09 Sep 2022,L2,95,7360.00000
"Clark, Jackson and Anderson",N,1831,19 Feb 2024,L5,41,13498.20000
Hein Dörr GmbH,H,1832,"10/30/2017, 00:00:00",L6,75,5067.50000
Jones Group,H,1833,2015/06/09,L3,111,5880.50000
Morales Ltd,normal,1834,2017/08/16,L4,46,12255.00000
Jones Group,N,1835,24 Nov 2015,L1,50,23274.40000
Marquez Group,3,1836,2023/12/11,L6,118,15229.10000
Torres Melo Lda.,2,1837,31 May 2020,L5,51,12815.70000
Rocha,L,1838,"08/14/2022, 00:00:00",L1,26,38211.80000
Hamann GmbH & Co. KGaA,1,1839,2019-04-06,L4,17,6604.50000
Fleming Group,light,1840,"10/17/2024, 00:00:00",L4,55,10216.30000
Esteves S/A,heavy,1841,"09/04/2015, 00:00:00",L4,88,6709.50000
Sousa S/A,light,1842,2017/10/19,L2,29,12841.80000
Green-Mitchell,2,1843,2020/04/04,L6,62,14042.20000
Börner Klemt KG,L,1844,2018-11-24,L2,43,26581.30000
Striebitz AG,N,1845,"12/09/2018, 00:00:00",L1,42,22767.40000
Rocha,N,1846,2019-08-29,L5,61,
Moreira Henriques S.A.,med,1847,15 Dec 2020,L3,77,32419.70000
Börner Klemt KG,H,1848,2020-02-29,L6,36,12832.80000
Ladeck Junk KG,L,1849,2022-10-12,L4,38,3715.70000
Maia,1,1850,2016-10-09,L2,25,9733.90000
Ladeck Junk KG,3,1851,11 Jun 2020,L2,9,13634.40000
Wiek Dörr GbR,1,1852,"07/28/2015, 00:00:00",L1,18,7834.40000
Jones Group,H,1853,"06/05/2015, 00:00:00",L2,2,7040.40000
Rocha,3,1854,2015/09/05,L1,91,9654.60000
"Holland, Moore and Foster",3,1855,2017/04/25,L1,118,9103.30000
Wiek Dörr GbR, 1 ,1856,2015/10/15,L4,73,7802.60000
Pinto,light,1857,23 Mar 2015,L3,29,7646.40000
Fleming Group,H,1858,2024-10-23,L2,93,11704.60000
"Holland, Moore and Foster",2,1859,"04/18/2018, 00:00:00",L6,1,4073.20000
Horton-Huffman,heavy,1860,2022/06/10,L1,117,4733.90000
"Holland, Moore and Foster",normal,1861,2021-07-10,L1,49,42091.30000
Moreira Henriques S.A.,N,1862,27 Apr 2015,L5,65,
Nette Weller Stiftung & Co. KGaA,L,1863,"09/02/2021, 00:00:00",L2,92,29867.50000
Wiek Dörr GbR,light,1864,2021/01/22,L6,27,12907.20000
Marquez Group,heavy,1865,"06/27/2021, 00:00:00",L4,90,13178.80000
"Smith, Richardson and Johnson",H,1866,12 Jan 2024,L3,105,21485.30000
Morales Ltd,N,1867,2019/05/17,L3,35,11308.00000
Hande,med,1868,"05/07/2019, 00:00:00",L4,51,7029.50000
Torres Melo Lda.,3,1869,2024/10/15,L6,80,6241.20000
Martinez-Smith, L ,1870,2019/10/15,L1,29,40373.80000
Powell Inc,L,1871,01 Feb 2018,L3,35,12406.40000
Hunt LLC,med,1872,"01/05/2017, 00:00:00",L1,53,25593.00000
Börner Klemt KG,1,1873,"07/14/2018, 00:00:00",L1,17,
"Holland, Moore and Foster",heavy,1874,"01/08/2018, 00:00:00",L2,48,4028.40000
Meister,2,1875,2020/08/18,L6,51,5146.50000
Ladeck Junk KG,2,1876,"08/04/2019, 00:00:00",L4,77,3612.20000
Jäkel,3,1877,2018-06-14,L3,114,9269.80000
Moreira Henriques S.A.,2,1878,"12/11/2022, 00:00:00",L5,50,10579.90000
Striebitz AG,med,1879,"01/24/2018, 00:00:00",L1,65,16897.40000
Barth Gute OHG mbH,H,1880,2016-09-11,L6,73,11734.70000
"Jones, Russell and Guzman",light,1881,"08/27/2024, 00:00:00",L4,4,11416.10000
Schulz Weiß GmbH,light,1882,"05/19/2018, 00:00:00",L5,63,11481.80000
Wiek Dörr GbR,heavy,1883,2018/09/29,L3,118,4375.60000
Torres Melo Lda.,2,1884,2018-03-08,L6,22,13074.50000
Sousa S/A,normal,1885,2019-02-11,L2,54,
Moreira Henriques S.A.,L,1886,"04/03/2022, 00:00:00",L2,36,19385.30000
Schulz Weiß GmbH,normal,1887,2016/12/13,L3,79,17021.60000
Rocha,N,1888,04 Jul 2018,L5,66,5510.60000
Pinto, light ,1889,2023/08/06,L4,37,19062.70000
Martinez-Smith,normal,1890,2023-03-29,L5,68,17128.80000
Higgins Inc,3,1891,2018/07/06,L4,110,10414.50000
Meister,normal,1892,2022/08/23,L6,45,10556.30000
Martinez-Smith, L ,1893,2022-09-18,L4,18,10183.60000
Striebitz AG,2,1894,"02/02/2019, 00:00:00",L2,69,12480.20000
Green-Mitchell,light,1895,2016/01/24,L4,84,7253.10000
Salazar-Harris,med,1896,2017-03-05,L1,45,9111.60000
Hunt LLC,1,1897,01 Feb 2020,L3,36,8043.30000
Marquez Group, 1 ,1898,20 Sep 2017,L5,112,9236.70000
Hande, 3 ,1899,2018/10/15,L5,83,14505.20000
Stey Fechner GbR,3,1900,"06/27/2021, 00:00:00",L1,109,10416.60000
Gierschner GmbH & Co. OHG, heavy ,1901,"01/17/2019, 00:00:00",L2,105,13689.90000
Hamann GmbH & Co. KGaA,H,1902,"08/08/2020, 00:00:00",L1,63,16035.20000
Hein Dörr GmbH,N,1903,15 May 2016,L6,64,13079.40000
Fleming Group,1,1904,"08/18/2018, 00:00:00",L5,14,22747.40000
Barth Gute OHG mbH,N,1905,13 Nov 2022,L3,46,18979.50000
Morales Ltd,med,1906,"06/10/2024, 00:00:00",L6,116,19586.40000
Fleming Group,3,1907,2018-11-23,L4,89,45000.00000
Jäkel,H,1908,2017-07-28,L3,110,16682.50000
Salazar-Harris,1,1909,2016-04-10,L6,33,18614.90000
Rocha,heavy,1910,2018-06-26,L3,80,12804.50000
Tran-Lewis,heavy,1911,2016/03/03,L5,109,11142.00000
Barth Gute OHG mbH,N,1912,2023-06-26,L6,30,13495.80000
Sousa S/A,normal,1913,21 Apr 2019,L4,92,5831.10000
Sousa S/A,H,1914,28 Jun 2017,L3,103,22482.30000
Fleming Group,light,1915,2020/05/29,L3,16,10041.10000
Nette Weller Stiftung & Co. KGaA,1,1916,"01/07/2021, 00:00:00",L1,19,
Horton-Huffman,N,1917,18 Nov 2020,L4,68,4108.10000
Meister,L,1918,"08/06/2021, 00:00:00",L1,83,10135.50000
Misicher Nette GmbH & Co. KGaA,L,1919,19 Nov 2020,L3,3,8682.10000
Sousa S/A,1,1920,2016/08/29,L2,36,5378.90000
Hande,2,1921,2015/01/13,L2,80,11392.10000
Nette Weller Stiftung & Co. KGaA,N,1922,"05/06/2023, 00:00:00",L5,49,4242.20000
Jones Group,heavy,1923,"07/24/2017, 00:00:00",L6,101,
Börner Klemt KG,heavy,1924,"10/09/2017, 00:00:00",L4,108,18833.50000
Jäkel, light ,1925,2019/02/05,L2,44,
Hande,3,1926,23 Jun 2019,L6,117,17954.00000
Hunt LLC,heavy,1927,"06/13/2024, 00:00:00",L1,5,4998.50000
Stey Fechner GbR,1,1928,2023-01-25,L5,20,21692.60000
"Jones, Russell and Guzman",N,1929,2016-08-08,L4,69,17836.80000
Striebitz AG,H,1930,2017-08-31,L3,88,9273.20000
Rocha,med,1931,26 Jul 2023,L2,65,6148.50000
"Holland, Moore and Foster",1,1932,2019-05-24,L5,54,9042.20000
Misicher Nette GmbH & Co. KGaA,normal,1933,"10/14/2019, 00:00:00",L2,70,12539.80000
Wiek Dörr GbR,N,1934,2021/07/05,L5,43,14179.80000
Striebitz AG,L,1935,2020/03/30,L2,11,19174.80000
Barth Gute OHG mbH,light,1936,20 Jan 2021,L4,11,6201.70000
"Clark, Jackson and Anderson",H,1937,"02/25/2016, 00:00:00",L5,90,32119.40000
Horton-Huffman,heavy,1938,2016/12/09,L1,50,11602.60000
Ladeck,N,1939,23 Apr 2022,L6,57,
"Smith, Richardson and Johnson",1,1940,"07/05/2016, 00:00:00",L6,0,9076.90000
"Jones, Russell and Guzman",med,1941,"03/28/2020, 00:00:00",L1,57,10482.70000
Ladeck Junk KG,light,1942,"10/19/2022, 00:00:00",L3,38,16791.70000
Meister,med,1943,"12/12/2015, 00:00:00",L3,65,30126.70000
"Jones, Russell and Guzman",L,1944,"04/20/2024, 00:00:00",L3,13,
Ladeck Junk KG,normal,1945,2019/10/17,L3,52,29858.10000
Börner Klemt KG,med,1946,2015-05-11,L6,78,9517.00000
Maia,med,1947,2017-02-19,L2,64,8875.40000
Tran-Lewis,1,1948,13 Sep 2023,L3,11,8638.50000
Misicher Nette GmbH & Co. KGaA,1,1949,"10/12/2018, 00:00:00",L3,1,16820.10000
Maia,N,1950,2015-03-01,L3,41,6911.60000
"Clark, Jackson and Anderson", L ,1951,2021/01/08,L1,18,2574.30000
Sousa S/A,2,1952,"01/24/2020, 00:00:00",L3,76,21861.50000
Torres Melo Lda.,N,1953,20 Jul 2023,L6,63,45000.00000
Moreira Henriques S.A.,L,1954,"04/14/2021, 00:00:00",L5,11,8455.70000
"Smith, Richardson and Johnson",L,1955,2024/06/22,L6,35,43917.00000
"Jones, Russell and Guzman",med,1956,2019-09-06,L4,56,8646.90000
Morales Ltd,med,1957,21 Nov 2016,L4,62,24050.10000
Green-Mitchell,2,1958,"12/18/2023, 00:00:00",L5,54,7816.00000
Nette Weller Stiftung & Co. KGaA,L,1959,10 Sep 2023,L1,14,5738.80000
Misicher Nette GmbH & Co. KGaA,H,1960,2019-07-29,L1,119,
Gierschner GmbH & Co. OHG,2,1961,2021/02/02,L5,46,15830.40000
Torres Melo Lda., 3 ,1962,2019-03-02,L3,118,27636.70000
Hunt LLC,normal,1963,2022/01/22,L4,104,12073.90000
Sousa S/A,3,1964,04 May 2021,L1,96,8327.80000
Hein Dörr GmbH,1,1965,2017/11/15,L5,11,9478.90000
Jones Group,1,1966,2024-03-05,L6,31,12669.20000
Martinez-Smith,1,1967,2022/06/29,L5,9,5909.80000
Pinto,1,1968,2022-04-21,L1,25,
Hande,1,1969,2018/04/20,L4,58,28512.30000
Horton-Huffman,light,1970,2016/09/10,L2,23,4527.20000
Marquez Group,light,1971,05 Oct 2019,L6,21,3547.90000
Maia,3,1972,2022/05/10,L3,107,6862.10000
Nette Weller Stiftung & Co. KGaA,light,1973,2021/10/06,L4,24,14725.80000
Hein Dörr GmbH,med,1974,"10/22/2015, 00:00:00",L2,39,5308.60000
"Jones, Russell and Guzman",normal,1975,2017/03/27,L6,42,20985.20000
Ladeck Junk KG,heavy,1976,2018/07/12,L6,101,6239.30000
Ladeck,N,1977,2017/07/09,L5,65,15006.40000
Jones Group,L,1978,2024/10/08,L5,39,9081.80000
Tran-Lewis, 2 ,1979,28 Jun 2016,L4,71,11382.00000
"Smith, Richardson and Johnson", 1 ,1980,2023-01-24,L1,2,6360.20000
Jäkel,light,1981,"08/24/2016, 00:00:00",L5,4,18460.80000
Rocha, 1 ,1982,2024/01/06,L5,7,10052.40000
Barth Gute OHG mbH,normal,1983,"10/08/2019, 00:00:00",L4,96,27168.60000
Marquez Group,2,1984,2020-11-08,L6,60,14600.50000
Higgins Inc,med,1985,2021/11/18,L4,70,
Schulz Weiß GmbH,1,1986,2020-10-11,L5,37,6319.00000
Meister,med,1987,"04/28/2018, 00:00:00",L4,58,
Ladeck,1,1988,"04/10/2021, 00:00:00",L6,15,14069.70000
Hein Dörr GmbH,heavy,1989,2020/05/24,L5,101,9668.50000
Moreira Henriques S.A.,light,1990,"01/14/2018, 00:00:00",L1,91,5432.00000
Rocha,light,1991,2020/11/06,L1,39,24728.70000
Salazar-Harris,med,1992,2022/06/03,L2,60,7560.20000
Castro Nascimento Lda.,L,1993,"11/19/2017, 00:00:00",L5,3,14928.00000
Green-Mitchell,normal,1994,09 Dec 2015,L1,66,8665.90000
Hein Dörr GmbH,3,1995,"08/01/2023, 00:00:00",L2,7,
"Holland, Moore and Foster",H,1996,26 Jun 2017,L2,95,8643.70000
Jäkel,1,1997,2016-01-26,L5,22,
Ladeck,L,1998,"07/18/2015, 00:00:00",L2,9,11535.30000
Hamann GmbH & Co. KGaA,2,1999,"09/28/2015, 00:00:00",L4,74,7073.70000
Tran-Lewis,3,2000,"06/08/2017, 00:00:00",L6,94,8221.90000
